AR370001;XR370001;92003700001;;;;;;;
AR370002;XR370002;92003700002;;;;;;;
AR370003;XR370003;92003700003;;;;;;;
AR370004;XR370004;92003700004;;;;;;;
AR370005;XR370005;92003700005;;;;;;;
AR370006;XR370006;92003700006;;;;;;;
AR370007;XR370007;92003700007;;;;;;;
AR370008;XR370008;92003700008;;;;;;;
AR370009;XR370009;92003700009;;;;;;;
AR370010;XR370010;92003700010;;;;;;;
AR370011;XR370011;92003700011;;;;;;;
AR370012;XR370012;92003700012;;;;;;;
AR370013;XR370013;92003700013;;;;;;;
AR370014;XR370014;92003700014;;;;;;;
AR370015;XR370015;92003700015;;;;;;;
AR370016;XR370016;92003700016;;;;;;;
AR370017;XR370017;92003700017;;;;;;;
AR370018;XR370018;92003700018;;;;;;;
AR370019;XR370019;92003700019;;;;;;;
AR370020;XR370020;92003700020;;;;;;;
AR370021;XR370021;92003700021;;;;;;;
AR370022;XR370022;92003700022;;;;;;;
AR370023;XR370023;92003700023;;;;;;;
AR370024;XR370024;92003700024;;;;;;;
AR370025;XR370025;92003700025;;;;;;;
AR370026;XR370026;92003700026;;;;;;;
AR370027;XR370027;92003700027;;;;;;;
AR370028;XR370028;92003700028;;;;;;;
AR370029;XR370029;92003700029;;;;;;;
AR370030;XR370030;92003700030;;;;;;;
AR370031;XR370031;92003700031;;;;;;;
AR370032;XR370032;92003700032;;;;;;;
AR370033;XR370033;92003700033;;;;;;;
AR370034;XR370034;92003700034;;;;;;;
AR370035;XR370035;92003700035;;;;;;;
AR370036;XR370036;92003700036;;;;;;;
AR370037;XR370037;92003700037;;;;;;;
AR370038;XR370038;92003700038;;;;;;;
AR370039;XR370039;92003700039;;;;;;;
AR370040;XR370040;92003700040;;;;;;;
AR370041;XR370041;92003700041;;;;;;;
AR370042;XR370042;92003700042;;;;;;;
AR370043;XR370043;92003700043;;;;;;;
AR370044;XR370044;92003700044;;;;;;;
AR370045;XR370045;92003700045;;;;;;;
AR370046;XR370046;92003700046;;;;;;;
AR370047;XR370047;92003700047;;;;;;;
AR370048;XR370048;92003700048;;;;;;;
AR370049;XR370049;92003700049;;;;;;;
AR370050;XR370050;92003700050;;;;;;;
AR370051;XR370051;92003700051;;;;;;;
AR370052;XR370052;92003700052;;;;;;;
AR370053;XR370053;92003700053;;;;;;;
AR370054;XR370054;92003700054;;;;;;;
AR370055;XR370055;92003700055;;;;;;;
AR370056;XR370056;92003700056;;;;;;;
AR370057;XR370057;92003700057;;;;;;;
AR370058;XR370058;92003700058;;;;;;;
AR370059;XR370059;92003700059;;;;;;;
AR370060;XR370060;92003700060;;;;;;;
AR370061;XR370061;92003700061;;;;;;;
AR370062;XR370062;92003700062;;;;;;;
AR370063;XR370063;92003700063;;;;;;;
AR370064;XR370064;92003700064;;;;;;;
AR370065;XR370065;92003700065;;;;;;;
AR370066;XR370066;92003700066;;;;;;;
AR370067;XR370067;92003700067;;;;;;;
AR370068;XR370068;92003700068;;;;;;;
AR370069;XR370069;92003700069;;;;;;;
AR370070;XR370070;92003700070;;;;;;;
AR370071;XR370071;92003700071;;;;;;;
AR370072;XR370072;92003700072;;;;;;;
AR370073;XR370073;92003700073;;;;;;;
AR370074;XR370074;92003700074;;;;;;;
AR370075;XR370075;92003700075;;;;;;;
AR370076;XR370076;92003700076;;;;;;;
AR370077;XR370077;92003700077;;;;;;;
AR370078;XR370078;92003700078;;;;;;;
AR370079;XR370079;92003700079;;;;;;;
AR370080;XR370080;92003700080;;;;;;;
AR370081;XR370081;92003700081;;;;;;;
AR370082;XR370082;92003700082;;;;;;;
AR370083;XR370083;92003700083;;;;;;;
AR370084;XR370084;92003700084;;;;;;;
AR370085;XR370085;92003700085;;;;;;;
AR370086;XR370086;92003700086;;;;;;;
AR370087;XR370087;92003700087;;;;;;;
AR370088;XR370088;92003700088;;;;;;;
AR370089;XR370089;92003700089;;;;;;;
AR370090;XR370090;92003700090;;;;;;;
AR370091;XR370091;92003700091;;;;;;;
AR370092;XR370092;92003700092;;;;;;;
AR370093;XR370093;92003700093;;;;;;;
AR370094;XR370094;92003700094;;;;;;;
AR370095;XR370095;92003700095;;;;;;;
AR370096;XR370096;92003700096;;;;;;;
AR370097;XR370097;92003700097;;;;;;;
AR370098;XR370098;92003700098;;;;;;;
AR370099;XR370099;92003700099;;;;;;;
AR370100;XR370100;92003700100;;;;;;;
AR370101;XR370101;92003700101;;;;;;;
AR370102;XR370102;92003700102;;;;;;;
AR370103;XR370103;92003700103;;;;;;;
AR370104;XR370104;92003700104;;;;;;;
AR370105;XR370105;92003700105;;;;;;;
AR370106;XR370106;92003700106;;;;;;;
AR370107;XR370107;92003700107;;;;;;;
AR370108;XR370108;92003700108;;;;;;;
AR370109;XR370109;92003700109;;;;;;;
AR370110;XR370110;92003700110;;;;;;;
AR370111;XR370111;92003700111;;;;;;;
AR370112;XR370112;92003700112;;;;;;;
AR370113;XR370113;92003700113;;;;;;;
AR370114;XR370114;92003700114;;;;;;;
AR370115;XR370115;92003700115;;;;;;;
AR370116;XR370116;92003700116;;;;;;;
AR370117;XR370117;92003700117;;;;;;;
AR370118;XR370118;92003700118;;;;;;;
AR370119;XR370119;92003700119;;;;;;;
AR370120;XR370120;92003700120;;;;;;;
AR370121;XR370121;92003700121;;;;;;;
AR370122;XR370122;92003700122;;;;;;;
AR370123;XR370123;92003700123;;;;;;;
AR370124;XR370124;92003700124;;;;;;;
AR370125;XR370125;92003700125;;;;;;;
AR370126;XR370126;92003700126;;;;;;;
AR370127;XR370127;92003700127;;;;;;;
AR370128;XR370128;92003700128;;;;;;;
AR370129;XR370129;92003700129;;;;;;;
AR370130;XR370130;92003700130;;;;;;;
AR370131;XR370131;92003700131;;;;;;;
AR370132;XR370132;92003700132;;;;;;;
AR370133;XR370133;92003700133;;;;;;;
AR370134;XR370134;92003700134;;;;;;;
AR370135;XR370135;92003700135;;;;;;;
AR370136;XR370136;92003700136;;;;;;;
AR370137;XR370137;92003700137;;;;;;;
AR370138;XR370138;92003700138;;;;;;;
AR370139;XR370139;92003700139;;;;;;;
AR370140;XR370140;92003700140;;;;;;;
AR370141;XR370141;92003700141;;;;;;;
AR370142;XR370142;92003700142;;;;;;;
AR370143;XR370143;92003700143;;;;;;;
AR370144;XR370144;92003700144;;;;;;;
AR370145;XR370145;92003700145;;;;;;;
AR370146;XR370146;92003700146;;;;;;;
AR370147;XR370147;92003700147;;;;;;;
AR370148;XR370148;92003700148;;;;;;;
AR370149;XR370149;92003700149;;;;;;;
AR370150;XR370150;92003700150;;;;;;;
AR370151;XR370151;92003700151;;;;;;;
AR370152;XR370152;92003700152;;;;;;;
AR370153;XR370153;92003700153;;;;;;;
AR370154;XR370154;92003700154;;;;;;;
AR370155;XR370155;92003700155;;;;;;;
AR370156;XR370156;92003700156;;;;;;;
AR370157;XR370157;92003700157;;;;;;;
AR370158;XR370158;92003700158;;;;;;;
AR370159;XR370159;92003700159;;;;;;;
AR370160;XR370160;92003700160;;;;;;;
AR370161;XR370161;92003700161;;;;;;;
AR370162;XR370162;92003700162;;;;;;;
AR370163;XR370163;92003700163;;;;;;;
AR370164;XR370164;92003700164;;;;;;;
AR370165;XR370165;92003700165;;;;;;;
AR370166;XR370166;92003700166;;;;;;;
AR370167;XR370167;92003700167;;;;;;;
AR370168;XR370168;92003700168;;;;;;;
AR370169;XR370169;92003700169;;;;;;;
AR370170;XR370170;92003700170;;;;;;;
AR370171;XR370171;92003700171;;;;;;;
AR370172;XR370172;92003700172;;;;;;;
AR370173;XR370173;92003700173;;;;;;;
AR370174;XR370174;92003700174;;;;;;;
AR370175;XR370175;92003700175;;;;;;;
AR370176;XR370176;92003700176;;;;;;;
AR370177;XR370177;92003700177;;;;;;;
AR370178;XR370178;92003700178;;;;;;;
AR370179;XR370179;92003700179;;;;;;;
AR370180;XR370180;92003700180;;;;;;;
AR370181;XR370181;92003700181;;;;;;;
AR370182;XR370182;92003700182;;;;;;;
AR370183;XR370183;92003700183;;;;;;;
AR370184;XR370184;92003700184;;;;;;;
AR370185;XR370185;92003700185;;;;;;;
AR370186;XR370186;92003700186;;;;;;;
AR370187;XR370187;92003700187;;;;;;;
AR370188;XR370188;92003700188;;;;;;;
AR370189;XR370189;92003700189;;;;;;;
AR370190;XR370190;92003700190;;;;;;;
AR370191;XR370191;92003700191;;;;;;;
AR370192;XR370192;92003700192;;;;;;;
AR370193;XR370193;92003700193;;;;;;;
AR370194;XR370194;92003700194;;;;;;;
AR370195;XR370195;92003700195;;;;;;;
AR370196;XR370196;92003700196;;;;;;;
AR370197;XR370197;92003700197;;;;;;;
AR370198;XR370198;92003700198;;;;;;;
AR370199;XR370199;92003700199;;;;;;;
AR370200;XR370200;92003700200;;;;;;;
AR370201;XR370201;92003700201;;;;;;;
AR370202;XR370202;92003700202;;;;;;;
AR370203;XR370203;92003700203;;;;;;;
AR370204;XR370204;92003700204;;;;;;;
AR370205;XR370205;92003700205;;;;;;;
AR370206;XR370206;92003700206;;;;;;;
AR370207;XR370207;92003700207;;;;;;;
AR370208;XR370208;92003700208;;;;;;;
AR370209;XR370209;92003700209;;;;;;;
AR370210;XR370210;92003700210;;;;;;;
AR370211;XR370211;92003700211;;;;;;;
AR370212;XR370212;92003700212;;;;;;;
AR370213;XR370213;92003700213;;;;;;;
AR370214;XR370214;92003700214;;;;;;;
AR370215;XR370215;92003700215;;;;;;;
AR370216;XR370216;92003700216;;;;;;;
AR370217;XR370217;92003700217;;;;;;;
AR370218;XR370218;92003700218;;;;;;;
AR370219;XR370219;92003700219;;;;;;;
AR370220;XR370220;92003700220;;;;;;;
AR370221;XR370221;92003700221;;;;;;;
AR370222;XR370222;92003700222;;;;;;;
AR370223;XR370223;92003700223;;;;;;;
AR370224;XR370224;92003700224;;;;;;;
AR370225;XR370225;92003700225;;;;;;;
AR370226;XR370226;92003700226;;;;;;;
AR370227;XR370227;92003700227;;;;;;;
AR370228;XR370228;92003700228;;;;;;;
AR370229;XR370229;92003700229;;;;;;;
AR370230;XR370230;92003700230;;;;;;;
AR370231;XR370231;92003700231;;;;;;;
AR370232;XR370232;92003700232;;;;;;;
AR370233;XR370233;92003700233;;;;;;;
AR370234;XR370234;92003700234;;;;;;;
AR370235;XR370235;92003700235;;;;;;;
AR370236;XR370236;92003700236;;;;;;;
AR370237;XR370237;92003700237;;;;;;;
AR370238;XR370238;92003700238;;;;;;;
AR370239;XR370239;92003700239;;;;;;;
AR370240;XR370240;92003700240;;;;;;;
AR370241;XR370241;92003700241;;;;;;;
AR370242;XR370242;92003700242;;;;;;;
AR370243;XR370243;92003700243;;;;;;;
AR370244;XR370244;92003700244;;;;;;;
AR370245;XR370245;92003700245;;;;;;;
AR370246;XR370246;92003700246;;;;;;;
AR370247;XR370247;92003700247;;;;;;;
AR370248;XR370248;92003700248;;;;;;;
AR370249;XR370249;92003700249;;;;;;;
AR370250;XR370250;92003700250;;;;;;;
AR370251;XR370251;92003700251;;;;;;;
AR370252;XR370252;92003700252;;;;;;;
AR370253;XR370253;92003700253;;;;;;;
AR370254;XR370254;92003700254;;;;;;;
AR370255;XR370255;92003700255;;;;;;;
AR370256;XR370256;92003700256;;;;;;;
AR370257;XR370257;92003700257;;;;;;;
AR370258;XR370258;92003700258;;;;;;;
AR370259;XR370259;92003700259;;;;;;;
AR370260;XR370260;92003700260;;;;;;;
AR370261;XR370261;92003700261;;;;;;;
AR370262;XR370262;92003700262;;;;;;;
AR370263;XR370263;92003700263;;;;;;;
AR370264;XR370264;92003700264;;;;;;;
AR370265;XR370265;92003700265;;;;;;;
AR370266;XR370266;92003700266;;;;;;;
AR370267;XR370267;92003700267;;;;;;;
AR370268;XR370268;92003700268;;;;;;;
AR370269;XR370269;92003700269;;;;;;;
AR370270;XR370270;92003700270;;;;;;;
AR370271;XR370271;92003700271;;;;;;;
AR370272;XR370272;92003700272;;;;;;;
AR370273;XR370273;92003700273;;;;;;;
AR370274;XR370274;92003700274;;;;;;;
AR370275;XR370275;92003700275;;;;;;;
AR370276;XR370276;92003700276;;;;;;;
AR370277;XR370277;92003700277;;;;;;;
AR370278;XR370278;92003700278;;;;;;;
AR370279;XR370279;92003700279;;;;;;;
AR370280;XR370280;92003700280;;;;;;;
AR370281;XR370281;92003700281;;;;;;;
AR370282;XR370282;92003700282;;;;;;;
AR370283;XR370283;92003700283;;;;;;;
AR370284;XR370284;92003700284;;;;;;;
AR370285;XR370285;92003700285;;;;;;;
AR370286;XR370286;92003700286;;;;;;;
AR370287;XR370287;92003700287;;;;;;;
AR370288;XR370288;92003700288;;;;;;;
AR370289;XR370289;92003700289;;;;;;;
AR370290;XR370290;92003700290;;;;;;;
AR370291;XR370291;92003700291;;;;;;;
AR370292;XR370292;92003700292;;;;;;;
AR370293;XR370293;92003700293;;;;;;;
AR370294;XR370294;92003700294;;;;;;;
AR370295;XR370295;92003700295;;;;;;;
AR370296;XR370296;92003700296;;;;;;;
AR370297;XR370297;92003700297;;;;;;;
AR370298;XR370298;92003700298;;;;;;;
AR370299;XR370299;92003700299;;;;;;;
AR370300;XR370300;92003700300;;;;;;;
AR370301;XR370301;92003700301;;;;;;;
AR370302;XR370302;92003700302;;;;;;;
AR370303;XR370303;92003700303;;;;;;;
AR370304;XR370304;92003700304;;;;;;;
AR370305;XR370305;92003700305;;;;;;;
AR370306;XR370306;92003700306;;;;;;;
AR370307;XR370307;92003700307;;;;;;;
AR370308;XR370308;92003700308;;;;;;;
AR370309;XR370309;92003700309;;;;;;;
AR370310;XR370310;92003700310;;;;;;;
AR370311;XR370311;92003700311;;;;;;;
AR370312;XR370312;92003700312;;;;;;;
AR370313;XR370313;92003700313;;;;;;;
AR370314;XR370314;92003700314;;;;;;;
AR370315;XR370315;92003700315;;;;;;;
AR370316;XR370316;92003700316;;;;;;;
AR370317;XR370317;92003700317;;;;;;;
AR370318;XR370318;92003700318;;;;;;;
AR370319;XR370319;92003700319;;;;;;;
AR370320;XR370320;92003700320;;;;;;;
AR370321;XR370321;92003700321;;;;;;;
AR370322;XR370322;92003700322;;;;;;;
AR370323;XR370323;92003700323;;;;;;;
AR370324;XR370324;92003700324;;;;;;;
AR370325;XR370325;92003700325;;;;;;;
AR370326;XR370326;92003700326;;;;;;;
AR370327;XR370327;92003700327;;;;;;;
AR370328;XR370328;92003700328;;;;;;;
AR370329;XR370329;92003700329;;;;;;;
AR370330;XR370330;92003700330;;;;;;;
AR370331;XR370331;92003700331;;;;;;;
AR370332;XR370332;92003700332;;;;;;;
AR370333;XR370333;92003700333;;;;;;;
AR370334;XR370334;92003700334;;;;;;;
AR370335;XR370335;92003700335;;;;;;;
AR370336;XR370336;92003700336;;;;;;;
AR370337;XR370337;92003700337;;;;;;;
AR370338;XR370338;92003700338;;;;;;;
AR370339;XR370339;92003700339;;;;;;;
AR370340;XR370340;92003700340;;;;;;;
AR370341;XR370341;92003700341;;;;;;;
AR370342;XR370342;92003700342;;;;;;;
AR370343;XR370343;92003700343;;;;;;;
AR370344;XR370344;92003700344;;;;;;;
AR370345;XR370345;92003700345;;;;;;;
AR370346;XR370346;92003700346;;;;;;;
AR370347;XR370347;92003700347;;;;;;;
AR370348;XR370348;92003700348;;;;;;;
AR370349;XR370349;92003700349;;;;;;;
AR370350;XR370350;92003700350;;;;;;;
AR370351;XR370351;92003700351;;;;;;;
AR370352;XR370352;92003700352;;;;;;;
AR370353;XR370353;92003700353;;;;;;;
AR370354;XR370354;92003700354;;;;;;;
AR370355;XR370355;92003700355;;;;;;;
AR370356;XR370356;92003700356;;;;;;;
AR370357;XR370357;92003700357;;;;;;;
AR370358;XR370358;92003700358;;;;;;;
AR370359;XR370359;92003700359;;;;;;;
AR370360;XR370360;92003700360;;;;;;;
AR370361;XR370361;92003700361;;;;;;;
AR370362;XR370362;92003700362;;;;;;;
AR370363;XR370363;92003700363;;;;;;;
AR370364;XR370364;92003700364;;;;;;;
AR370365;XR370365;92003700365;;;;;;;
AR370366;XR370366;92003700366;;;;;;;
AR370367;XR370367;92003700367;;;;;;;
AR370368;XR370368;92003700368;;;;;;;
AR370369;XR370369;92003700369;;;;;;;
AR370370;XR370370;92003700370;;;;;;;
AR370371;XR370371;92003700371;;;;;;;
AR370372;XR370372;92003700372;;;;;;;
AR370373;XR370373;92003700373;;;;;;;
AR370374;XR370374;92003700374;;;;;;;
AR370375;XR370375;92003700375;;;;;;;
AR370376;XR370376;92003700376;;;;;;;
AR370377;XR370377;92003700377;;;;;;;
AR370378;XR370378;92003700378;;;;;;;
AR370379;XR370379;92003700379;;;;;;;
AR370380;XR370380;92003700380;;;;;;;
AR370381;XR370381;92003700381;;;;;;;
AR370382;XR370382;92003700382;;;;;;;
AR370383;XR370383;92003700383;;;;;;;
AR370384;XR370384;92003700384;;;;;;;
AR370385;XR370385;92003700385;;;;;;;
AR370386;XR370386;92003700386;;;;;;;
AR370387;XR370387;92003700387;;;;;;;
AR370388;XR370388;92003700388;;;;;;;
AR370389;XR370389;92003700389;;;;;;;
AR370390;XR370390;92003700390;;;;;;;
AR370391;XR370391;92003700391;;;;;;;
AR370392;XR370392;92003700392;;;;;;;
AR370393;XR370393;92003700393;;;;;;;
AR370394;XR370394;92003700394;;;;;;;
AR370395;XR370395;92003700395;;;;;;;
AR370396;XR370396;92003700396;;;;;;;
AR370397;XR370397;92003700397;;;;;;;
AR370398;XR370398;92003700398;;;;;;;
AR370399;XR370399;92003700399;;;;;;;
AR370400;XR370400;92003700400;;;;;;;
AR370401;XR370401;92003700401;;;;;;;
AR370402;XR370402;92003700402;;;;;;;
AR370403;XR370403;92003700403;;;;;;;
AR370404;XR370404;92003700404;;;;;;;
AR370405;XR370405;92003700405;;;;;;;
AR370406;XR370406;92003700406;;;;;;;
AR370407;XR370407;92003700407;;;;;;;
AR370408;XR370408;92003700408;;;;;;;
AR370409;XR370409;92003700409;;;;;;;
AR370410;XR370410;92003700410;;;;;;;
AR370411;XR370411;92003700411;;;;;;;
AR370412;XR370412;92003700412;;;;;;;
AR370413;XR370413;92003700413;;;;;;;
AR370414;XR370414;92003700414;;;;;;;
AR370415;XR370415;92003700415;;;;;;;
AR370416;XR370416;92003700416;;;;;;;
AR370417;XR370417;92003700417;;;;;;;
AR370418;XR370418;92003700418;;;;;;;
AR370419;XR370419;92003700419;;;;;;;
AR370420;XR370420;92003700420;;;;;;;
AR370421;XR370421;92003700421;;;;;;;
AR370422;XR370422;92003700422;;;;;;;
AR370423;XR370423;92003700423;;;;;;;
AR370424;XR370424;92003700424;;;;;;;
AR370425;XR370425;92003700425;;;;;;;
AR370426;XR370426;92003700426;;;;;;;
AR370427;XR370427;92003700427;;;;;;;
AR370428;XR370428;92003700428;;;;;;;
AR370429;XR370429;92003700429;;;;;;;
AR370430;XR370430;92003700430;;;;;;;
AR370431;XR370431;92003700431;;;;;;;
AR370432;XR370432;92003700432;;;;;;;
AR370433;XR370433;92003700433;;;;;;;
AR370434;XR370434;92003700434;;;;;;;
AR370435;XR370435;92003700435;;;;;;;
AR370436;XR370436;92003700436;;;;;;;
AR370437;XR370437;92003700437;;;;;;;
AR370438;XR370438;92003700438;;;;;;;
AR370439;XR370439;92003700439;;;;;;;
AR370440;XR370440;92003700440;;;;;;;
AR370441;XR370441;92003700441;;;;;;;
AR370442;XR370442;92003700442;;;;;;;
AR370443;XR370443;92003700443;;;;;;;
AR370444;XR370444;92003700444;;;;;;;
AR370445;XR370445;92003700445;;;;;;;
AR370446;XR370446;92003700446;;;;;;;
AR370447;XR370447;92003700447;;;;;;;
AR370448;XR370448;92003700448;;;;;;;
AR370449;XR370449;92003700449;;;;;;;
AR370450;XR370450;92003700450;;;;;;;
AR370451;XR370451;92003700451;;;;;;;
AR370452;XR370452;92003700452;;;;;;;
AR370453;XR370453;92003700453;;;;;;;
AR370454;XR370454;92003700454;;;;;;;
AR370455;XR370455;92003700455;;;;;;;
AR370456;XR370456;92003700456;;;;;;;
AR370457;XR370457;92003700457;;;;;;;
AR370458;XR370458;92003700458;;;;;;;
AR370459;XR370459;92003700459;;;;;;;
AR370460;XR370460;92003700460;;;;;;;
AR370461;XR370461;92003700461;;;;;;;
AR370462;XR370462;92003700462;;;;;;;
AR370463;XR370463;92003700463;;;;;;;
AR370464;XR370464;92003700464;;;;;;;
AR370465;XR370465;92003700465;;;;;;;
AR370466;XR370466;92003700466;;;;;;;
AR370467;XR370467;92003700467;;;;;;;
AR370468;XR370468;92003700468;;;;;;;
AR370469;XR370469;92003700469;;;;;;;
AR370470;XR370470;92003700470;;;;;;;
AR370471;XR370471;92003700471;;;;;;;
AR370472;XR370472;92003700472;;;;;;;
AR370473;XR370473;92003700473;;;;;;;
AR370474;XR370474;92003700474;;;;;;;
AR370475;XR370475;92003700475;;;;;;;
AR370476;XR370476;92003700476;;;;;;;
AR370477;XR370477;92003700477;;;;;;;
AR370478;XR370478;92003700478;;;;;;;
AR370479;XR370479;92003700479;;;;;;;
AR370480;XR370480;92003700480;;;;;;;
AR370481;XR370481;92003700481;;;;;;;
AR370482;XR370482;92003700482;;;;;;;
AR370483;XR370483;92003700483;;;;;;;
AR370484;XR370484;92003700484;;;;;;;
AR370485;XR370485;92003700485;;;;;;;
AR370486;XR370486;92003700486;;;;;;;
AR370487;XR370487;92003700487;;;;;;;
AR370488;XR370488;92003700488;;;;;;;
AR370489;XR370489;92003700489;;;;;;;
AR370490;XR370490;92003700490;;;;;;;
AR370491;XR370491;92003700491;;;;;;;
AR370492;XR370492;92003700492;;;;;;;
AR370493;XR370493;92003700493;;;;;;;
AR370494;XR370494;92003700494;;;;;;;
AR370495;XR370495;92003700495;;;;;;;
AR370496;XR370496;92003700496;;;;;;;
AR370497;XR370497;92003700497;;;;;;;
AR370498;XR370498;92003700498;;;;;;;
AR370499;XR370499;92003700499;;;;;;;
AR370500;XR370500;92003700500;;;;;;;
AR370501;XR370501;92003700501;;;;;;;
AR370502;XR370502;92003700502;;;;;;;
AR370503;XR370503;92003700503;;;;;;;
AR370504;XR370504;92003700504;;;;;;;
AR370505;XR370505;92003700505;;;;;;;
AR370506;XR370506;92003700506;;;;;;;
AR370507;XR370507;92003700507;;;;;;;
AR370508;XR370508;92003700508;;;;;;;
AR370509;XR370509;92003700509;;;;;;;
AR370510;XR370510;92003700510;;;;;;;
AR370511;XR370511;92003700511;;;;;;;
AR370512;XR370512;92003700512;;;;;;;
AR370513;XR370513;92003700513;;;;;;;
AR370514;XR370514;92003700514;;;;;;;
AR370515;XR370515;92003700515;;;;;;;
AR370516;XR370516;92003700516;;;;;;;
AR370517;XR370517;92003700517;;;;;;;
AR370518;XR370518;92003700518;;;;;;;
AR370519;XR370519;92003700519;;;;;;;
AR370520;XR370520;92003700520;;;;;;;
AR370521;XR370521;92003700521;;;;;;;
AR370522;XR370522;92003700522;;;;;;;
AR370523;XR370523;92003700523;;;;;;;
AR370524;XR370524;92003700524;;;;;;;
AR370525;XR370525;92003700525;;;;;;;
AR370526;XR370526;92003700526;;;;;;;
AR370527;XR370527;92003700527;;;;;;;
AR370528;XR370528;92003700528;;;;;;;
AR370529;XR370529;92003700529;;;;;;;
AR370530;XR370530;92003700530;;;;;;;
AR370531;XR370531;92003700531;;;;;;;
AR370532;XR370532;92003700532;;;;;;;
AR370533;XR370533;92003700533;;;;;;;
AR370534;XR370534;92003700534;;;;;;;
AR370535;XR370535;92003700535;;;;;;;
AR370536;XR370536;92003700536;;;;;;;
AR370537;XR370537;92003700537;;;;;;;
AR370538;XR370538;92003700538;;;;;;;
AR370539;XR370539;92003700539;;;;;;;
AR370540;XR370540;92003700540;;;;;;;
AR370541;XR370541;92003700541;;;;;;;
AR370542;XR370542;92003700542;;;;;;;
AR370543;XR370543;92003700543;;;;;;;
AR370544;XR370544;92003700544;;;;;;;
AR370545;XR370545;92003700545;;;;;;;
AR370546;XR370546;92003700546;;;;;;;
AR370547;XR370547;92003700547;;;;;;;
AR370548;XR370548;92003700548;;;;;;;
AR370549;XR370549;92003700549;;;;;;;
AR370550;XR370550;92003700550;;;;;;;
AR370551;XR370551;92003700551;;;;;;;
AR370552;XR370552;92003700552;;;;;;;
AR370553;XR370553;92003700553;;;;;;;
AR370554;XR370554;92003700554;;;;;;;
AR370555;XR370555;92003700555;;;;;;;
AR370556;XR370556;92003700556;;;;;;;
AR370557;XR370557;92003700557;;;;;;;
AR370558;XR370558;92003700558;;;;;;;
AR370559;XR370559;92003700559;;;;;;;
AR370560;XR370560;92003700560;;;;;;;
AR370561;XR370561;92003700561;;;;;;;
AR370562;XR370562;92003700562;;;;;;;
AR370563;XR370563;92003700563;;;;;;;
AR370564;XR370564;92003700564;;;;;;;
AR370565;XR370565;92003700565;;;;;;;
AR370566;XR370566;92003700566;;;;;;;
AR370567;XR370567;92003700567;;;;;;;
AR370568;XR370568;92003700568;;;;;;;
AR370569;XR370569;92003700569;;;;;;;
AR370570;XR370570;92003700570;;;;;;;
AR370571;XR370571;92003700571;;;;;;;
AR370572;XR370572;92003700572;;;;;;;
AR370573;XR370573;92003700573;;;;;;;
AR370574;XR370574;92003700574;;;;;;;
AR370575;XR370575;92003700575;;;;;;;
AR370576;XR370576;92003700576;;;;;;;
AR370577;XR370577;92003700577;;;;;;;
AR370578;XR370578;92003700578;;;;;;;
AR370579;XR370579;92003700579;;;;;;;
AR370580;XR370580;92003700580;;;;;;;
AR370581;XR370581;92003700581;;;;;;;
AR370582;XR370582;92003700582;;;;;;;
AR370583;XR370583;92003700583;;;;;;;
AR370584;XR370584;92003700584;;;;;;;
AR370585;XR370585;92003700585;;;;;;;
AR370586;XR370586;92003700586;;;;;;;
AR370587;XR370587;92003700587;;;;;;;
AR370588;XR370588;92003700588;;;;;;;
AR370589;XR370589;92003700589;;;;;;;
AR370590;XR370590;92003700590;;;;;;;
AR370591;XR370591;92003700591;;;;;;;
AR370592;XR370592;92003700592;;;;;;;
AR370593;XR370593;92003700593;;;;;;;
AR370594;XR370594;92003700594;;;;;;;
AR370595;XR370595;92003700595;;;;;;;
AR370596;XR370596;92003700596;;;;;;;
AR370597;XR370597;92003700597;;;;;;;
AR370598;XR370598;92003700598;;;;;;;
AR370599;XR370599;92003700599;;;;;;;
AR370600;XR370600;92003700600;;;;;;;
AR370601;XR370601;92003700601;;;;;;;
AR370602;XR370602;92003700602;;;;;;;
AR370603;XR370603;92003700603;;;;;;;
AR370604;XR370604;92003700604;;;;;;;
AR370605;XR370605;92003700605;;;;;;;
AR370606;XR370606;92003700606;;;;;;;
AR370607;XR370607;92003700607;;;;;;;
AR370608;XR370608;92003700608;;;;;;;
AR370609;XR370609;92003700609;;;;;;;
AR370610;XR370610;92003700610;;;;;;;
AR370611;XR370611;92003700611;;;;;;;
AR370612;XR370612;92003700612;;;;;;;
AR370613;XR370613;92003700613;;;;;;;
AR370614;XR370614;92003700614;;;;;;;
AR370615;XR370615;92003700615;;;;;;;
AR370616;XR370616;92003700616;;;;;;;
AR370617;XR370617;92003700617;;;;;;;
AR370618;XR370618;92003700618;;;;;;;
AR370619;XR370619;92003700619;;;;;;;
AR370620;XR370620;92003700620;;;;;;;
AR370621;XR370621;92003700621;;;;;;;
AR370622;XR370622;92003700622;;;;;;;
AR370623;XR370623;92003700623;;;;;;;
AR370624;XR370624;92003700624;;;;;;;
AR370625;XR370625;92003700625;;;;;;;
AR370626;XR370626;92003700626;;;;;;;
AR370627;XR370627;92003700627;;;;;;;
AR370628;XR370628;92003700628;;;;;;;
AR370629;XR370629;92003700629;;;;;;;
AR370630;XR370630;92003700630;;;;;;;
AR370631;XR370631;92003700631;;;;;;;
AR370632;XR370632;92003700632;;;;;;;
AR370633;XR370633;92003700633;;;;;;;
AR370634;XR370634;92003700634;;;;;;;
AR370635;XR370635;92003700635;;;;;;;
AR370636;XR370636;92003700636;;;;;;;
AR370637;XR370637;92003700637;;;;;;;
AR370638;XR370638;92003700638;;;;;;;
AR370639;XR370639;92003700639;;;;;;;
AR370640;XR370640;92003700640;;;;;;;
AR370641;XR370641;92003700641;;;;;;;
AR370642;XR370642;92003700642;;;;;;;
AR370643;XR370643;92003700643;;;;;;;
AR370644;XR370644;92003700644;;;;;;;
AR370645;XR370645;92003700645;;;;;;;
AR370646;XR370646;92003700646;;;;;;;
AR370647;XR370647;92003700647;;;;;;;
AR370648;XR370648;92003700648;;;;;;;
AR370649;XR370649;92003700649;;;;;;;
AR370650;XR370650;92003700650;;;;;;;
AR370651;XR370651;92003700651;;;;;;;
AR370652;XR370652;92003700652;;;;;;;
AR370653;XR370653;92003700653;;;;;;;
AR370654;XR370654;92003700654;;;;;;;
AR370655;XR370655;92003700655;;;;;;;
AR370656;XR370656;92003700656;;;;;;;
AR370657;XR370657;92003700657;;;;;;;
AR370658;XR370658;92003700658;;;;;;;
AR370659;XR370659;92003700659;;;;;;;
AR370660;XR370660;92003700660;;;;;;;
AR370661;XR370661;92003700661;;;;;;;
AR370662;XR370662;92003700662;;;;;;;
AR370663;XR370663;92003700663;;;;;;;
AR370664;XR370664;92003700664;;;;;;;
AR370665;XR370665;92003700665;;;;;;;
AR370666;XR370666;92003700666;;;;;;;
AR370667;XR370667;92003700667;;;;;;;
AR370668;XR370668;92003700668;;;;;;;
AR370669;XR370669;92003700669;;;;;;;
AR370670;XR370670;92003700670;;;;;;;
AR370671;XR370671;92003700671;;;;;;;
AR370672;XR370672;92003700672;;;;;;;
AR370673;XR370673;92003700673;;;;;;;
AR370674;XR370674;92003700674;;;;;;;
AR370675;XR370675;92003700675;;;;;;;
AR370676;XR370676;92003700676;;;;;;;
AR370677;XR370677;92003700677;;;;;;;
AR370678;XR370678;92003700678;;;;;;;
AR370679;XR370679;92003700679;;;;;;;
AR370680;XR370680;92003700680;;;;;;;
AR370681;XR370681;92003700681;;;;;;;
AR370682;XR370682;92003700682;;;;;;;
AR370683;XR370683;92003700683;;;;;;;
AR370684;XR370684;92003700684;;;;;;;
AR370685;XR370685;92003700685;;;;;;;
AR370686;XR370686;92003700686;;;;;;;
AR370687;XR370687;92003700687;;;;;;;
AR370688;XR370688;92003700688;;;;;;;
AR370689;XR370689;92003700689;;;;;;;
AR370690;XR370690;92003700690;;;;;;;
AR370691;XR370691;92003700691;;;;;;;
AR370692;XR370692;92003700692;;;;;;;
AR370693;XR370693;92003700693;;;;;;;
AR370694;XR370694;92003700694;;;;;;;
AR370695;XR370695;92003700695;;;;;;;
AR370696;XR370696;92003700696;;;;;;;
AR370697;XR370697;92003700697;;;;;;;
AR370698;XR370698;92003700698;;;;;;;
AR370699;XR370699;92003700699;;;;;;;
AR370700;XR370700;92003700700;;;;;;;
AR370701;XR370701;92003700701;;;;;;;
AR370702;XR370702;92003700702;;;;;;;
AR370703;XR370703;92003700703;;;;;;;
AR370704;XR370704;92003700704;;;;;;;
AR370705;XR370705;92003700705;;;;;;;
AR370706;XR370706;92003700706;;;;;;;
AR370707;XR370707;92003700707;;;;;;;
AR370708;XR370708;92003700708;;;;;;;
AR370709;XR370709;92003700709;;;;;;;
AR370710;XR370710;92003700710;;;;;;;
AR370711;XR370711;92003700711;;;;;;;
AR370712;XR370712;92003700712;;;;;;;
AR370713;XR370713;92003700713;;;;;;;
AR370714;XR370714;92003700714;;;;;;;
AR370715;XR370715;92003700715;;;;;;;
AR370716;XR370716;92003700716;;;;;;;
AR370717;XR370717;92003700717;;;;;;;
AR370718;XR370718;92003700718;;;;;;;
AR370719;XR370719;92003700719;;;;;;;
AR370720;XR370720;92003700720;;;;;;;
AR370721;XR370721;92003700721;;;;;;;
AR370722;XR370722;92003700722;;;;;;;
AR370723;XR370723;92003700723;;;;;;;
AR370724;XR370724;92003700724;;;;;;;
AR370725;XR370725;92003700725;;;;;;;
AR370726;XR370726;92003700726;;;;;;;
AR370727;XR370727;92003700727;;;;;;;
AR370728;XR370728;92003700728;;;;;;;
AR370729;XR370729;92003700729;;;;;;;
AR370730;XR370730;92003700730;;;;;;;
AR370731;XR370731;92003700731;;;;;;;
AR370732;XR370732;92003700732;;;;;;;
AR370733;XR370733;92003700733;;;;;;;
AR370734;XR370734;92003700734;;;;;;;
AR370735;XR370735;92003700735;;;;;;;
AR370736;XR370736;92003700736;;;;;;;
AR370737;XR370737;92003700737;;;;;;;
AR370738;XR370738;92003700738;;;;;;;
AR370739;XR370739;92003700739;;;;;;;
AR370740;XR370740;92003700740;;;;;;;
AR370741;XR370741;92003700741;;;;;;;
AR370742;XR370742;92003700742;;;;;;;
AR370743;XR370743;92003700743;;;;;;;
AR370744;XR370744;92003700744;;;;;;;
AR370745;XR370745;92003700745;;;;;;;
AR370746;XR370746;92003700746;;;;;;;
AR370747;XR370747;92003700747;;;;;;;
AR370748;XR370748;92003700748;;;;;;;
AR370749;XR370749;92003700749;;;;;;;
AR370750;XR370750;92003700750;;;;;;;
AR370751;XR370751;92003700751;;;;;;;
AR370752;XR370752;92003700752;;;;;;;
AR370753;XR370753;92003700753;;;;;;;
AR370754;XR370754;92003700754;;;;;;;
AR370755;XR370755;92003700755;;;;;;;
AR370756;XR370756;92003700756;;;;;;;
AR370757;XR370757;92003700757;;;;;;;
AR370758;XR370758;92003700758;;;;;;;
AR370759;XR370759;92003700759;;;;;;;
AR370760;XR370760;92003700760;;;;;;;
AR370761;XR370761;92003700761;;;;;;;
AR370762;XR370762;92003700762;;;;;;;
AR370763;XR370763;92003700763;;;;;;;
AR370764;XR370764;92003700764;;;;;;;
AR370765;XR370765;92003700765;;;;;;;
AR370766;XR370766;92003700766;;;;;;;
AR370767;XR370767;92003700767;;;;;;;
AR370768;XR370768;92003700768;;;;;;;
AR370769;XR370769;92003700769;;;;;;;
AR370770;XR370770;92003700770;;;;;;;
AR370771;XR370771;92003700771;;;;;;;
AR370772;XR370772;92003700772;;;;;;;
AR370773;XR370773;92003700773;;;;;;;
AR370774;XR370774;92003700774;;;;;;;
AR370775;XR370775;92003700775;;;;;;;
AR370776;XR370776;92003700776;;;;;;;
AR370777;XR370777;92003700777;;;;;;;
AR370778;XR370778;92003700778;;;;;;;
AR370779;XR370779;92003700779;;;;;;;
AR370780;XR370780;92003700780;;;;;;;
AR370781;XR370781;92003700781;;;;;;;
AR370782;XR370782;92003700782;;;;;;;
AR370783;XR370783;92003700783;;;;;;;
AR370784;XR370784;92003700784;;;;;;;
AR370785;XR370785;92003700785;;;;;;;
AR370786;XR370786;92003700786;;;;;;;
AR370787;XR370787;92003700787;;;;;;;
AR370788;XR370788;92003700788;;;;;;;
AR370789;XR370789;92003700789;;;;;;;
AR370790;XR370790;92003700790;;;;;;;
AR370791;XR370791;92003700791;;;;;;;
AR370792;XR370792;92003700792;;;;;;;
AR370793;XR370793;92003700793;;;;;;;
AR370794;XR370794;92003700794;;;;;;;
AR370795;XR370795;92003700795;;;;;;;
AR370796;XR370796;92003700796;;;;;;;
AR370797;XR370797;92003700797;;;;;;;
AR370798;XR370798;92003700798;;;;;;;
AR370799;XR370799;92003700799;;;;;;;
AR370800;XR370800;92003700800;;;;;;;
AR370801;XR370801;92003700801;;;;;;;
AR370802;XR370802;92003700802;;;;;;;
AR370803;XR370803;92003700803;;;;;;;
AR370804;XR370804;92003700804;;;;;;;
AR370805;XR370805;92003700805;;;;;;;
AR370806;XR370806;92003700806;;;;;;;
AR370807;XR370807;92003700807;;;;;;;
AR370808;XR370808;92003700808;;;;;;;
AR370809;XR370809;92003700809;;;;;;;
AR370810;XR370810;92003700810;;;;;;;
AR370811;XR370811;92003700811;;;;;;;
AR370812;XR370812;92003700812;;;;;;;
AR370813;XR370813;92003700813;;;;;;;
AR370814;XR370814;92003700814;;;;;;;
AR370815;XR370815;92003700815;;;;;;;
AR370816;XR370816;92003700816;;;;;;;
AR370817;XR370817;92003700817;;;;;;;
AR370818;XR370818;92003700818;;;;;;;
AR370819;XR370819;92003700819;;;;;;;
AR370820;XR370820;92003700820;;;;;;;
AR370821;XR370821;92003700821;;;;;;;
AR370822;XR370822;92003700822;;;;;;;
AR370823;XR370823;92003700823;;;;;;;
AR370824;XR370824;92003700824;;;;;;;
AR370825;XR370825;92003700825;;;;;;;
AR370826;XR370826;92003700826;;;;;;;
AR370827;XR370827;92003700827;;;;;;;
AR370828;XR370828;92003700828;;;;;;;
AR370829;XR370829;92003700829;;;;;;;
AR370830;XR370830;92003700830;;;;;;;
AR370831;XR370831;92003700831;;;;;;;
AR370832;XR370832;92003700832;;;;;;;
AR370833;XR370833;92003700833;;;;;;;
AR370834;XR370834;92003700834;;;;;;;
AR370835;XR370835;92003700835;;;;;;;
AR370836;XR370836;92003700836;;;;;;;
AR370837;XR370837;92003700837;;;;;;;
AR370838;XR370838;92003700838;;;;;;;
AR370839;XR370839;92003700839;;;;;;;
AR370840;XR370840;92003700840;;;;;;;
AR370841;XR370841;92003700841;;;;;;;
AR370842;XR370842;92003700842;;;;;;;
AR370843;XR370843;92003700843;;;;;;;
AR370844;XR370844;92003700844;;;;;;;
AR370845;XR370845;92003700845;;;;;;;
AR370846;XR370846;92003700846;;;;;;;
AR370847;XR370847;92003700847;;;;;;;
AR370848;XR370848;92003700848;;;;;;;
AR370849;XR370849;92003700849;;;;;;;
AR370850;XR370850;92003700850;;;;;;;
AR370851;XR370851;92003700851;;;;;;;
AR370852;XR370852;92003700852;;;;;;;
AR370853;XR370853;92003700853;;;;;;;
AR370854;XR370854;92003700854;;;;;;;
AR370855;XR370855;92003700855;;;;;;;
AR370856;XR370856;92003700856;;;;;;;
AR370857;XR370857;92003700857;;;;;;;
AR370858;XR370858;92003700858;;;;;;;
AR370859;XR370859;92003700859;;;;;;;
AR370860;XR370860;92003700860;;;;;;;
AR370861;XR370861;92003700861;;;;;;;
AR370862;XR370862;92003700862;;;;;;;
AR370863;XR370863;92003700863;;;;;;;
AR370864;XR370864;92003700864;;;;;;;
AR370865;XR370865;92003700865;;;;;;;
AR370866;XR370866;92003700866;;;;;;;
AR370867;XR370867;92003700867;;;;;;;
AR370868;XR370868;92003700868;;;;;;;
AR370869;XR370869;92003700869;;;;;;;
AR370870;XR370870;92003700870;;;;;;;
AR370871;XR370871;92003700871;;;;;;;
AR370872;XR370872;92003700872;;;;;;;
AR370873;XR370873;92003700873;;;;;;;
AR370874;XR370874;92003700874;;;;;;;
AR370875;XR370875;92003700875;;;;;;;
AR370876;XR370876;92003700876;;;;;;;
AR370877;XR370877;92003700877;;;;;;;
AR370878;XR370878;92003700878;;;;;;;
AR370879;XR370879;92003700879;;;;;;;
AR370880;XR370880;92003700880;;;;;;;
AR370881;XR370881;92003700881;;;;;;;
AR370882;XR370882;92003700882;;;;;;;
AR370883;XR370883;92003700883;;;;;;;
AR370884;XR370884;92003700884;;;;;;;
AR370885;XR370885;92003700885;;;;;;;
AR370886;XR370886;92003700886;;;;;;;
AR370887;XR370887;92003700887;;;;;;;
AR370888;XR370888;92003700888;;;;;;;
AR370889;XR370889;92003700889;;;;;;;
AR370890;XR370890;92003700890;;;;;;;
AR370891;XR370891;92003700891;;;;;;;
AR370892;XR370892;92003700892;;;;;;;
AR370893;XR370893;92003700893;;;;;;;
AR370894;XR370894;92003700894;;;;;;;
AR370895;XR370895;92003700895;;;;;;;
AR370896;XR370896;92003700896;;;;;;;
AR370897;XR370897;92003700897;;;;;;;
AR370898;XR370898;92003700898;;;;;;;
AR370899;XR370899;92003700899;;;;;;;
AR370900;XR370900;92003700900;;;;;;;
AR370901;XR370901;92003700901;;;;;;;
AR370902;XR370902;92003700902;;;;;;;
AR370903;XR370903;92003700903;;;;;;;
AR370904;XR370904;92003700904;;;;;;;
AR370905;XR370905;92003700905;;;;;;;
AR370906;XR370906;92003700906;;;;;;;
AR370907;XR370907;92003700907;;;;;;;
AR370908;XR370908;92003700908;;;;;;;
AR370909;XR370909;92003700909;;;;;;;
AR370910;XR370910;92003700910;;;;;;;
AR370911;XR370911;92003700911;;;;;;;
AR370912;XR370912;92003700912;;;;;;;
AR370913;XR370913;92003700913;;;;;;;
AR370914;XR370914;92003700914;;;;;;;
AR370915;XR370915;92003700915;;;;;;;
AR370916;XR370916;92003700916;;;;;;;
AR370917;XR370917;92003700917;;;;;;;
AR370918;XR370918;92003700918;;;;;;;
AR370919;XR370919;92003700919;;;;;;;
AR370920;XR370920;92003700920;;;;;;;
AR370921;XR370921;92003700921;;;;;;;
AR370922;XR370922;92003700922;;;;;;;
AR370923;XR370923;92003700923;;;;;;;
AR370924;XR370924;92003700924;;;;;;;
AR370925;XR370925;92003700925;;;;;;;
AR370926;XR370926;92003700926;;;;;;;
AR370927;XR370927;92003700927;;;;;;;
AR370928;XR370928;92003700928;;;;;;;
AR370929;XR370929;92003700929;;;;;;;
AR370930;XR370930;92003700930;;;;;;;
AR370931;XR370931;92003700931;;;;;;;
AR370932;XR370932;92003700932;;;;;;;
AR370933;XR370933;92003700933;;;;;;;
AR370934;XR370934;92003700934;;;;;;;
AR370935;XR370935;92003700935;;;;;;;
AR370936;XR370936;92003700936;;;;;;;
AR370937;XR370937;92003700937;;;;;;;
AR370938;XR370938;92003700938;;;;;;;
AR370939;XR370939;92003700939;;;;;;;
AR370940;XR370940;92003700940;;;;;;;
AR370941;XR370941;92003700941;;;;;;;
AR370942;XR370942;92003700942;;;;;;;
AR370943;XR370943;92003700943;;;;;;;
AR370944;XR370944;92003700944;;;;;;;
AR370945;XR370945;92003700945;;;;;;;
AR370946;XR370946;92003700946;;;;;;;
AR370947;XR370947;92003700947;;;;;;;
AR370948;XR370948;92003700948;;;;;;;
AR370949;XR370949;92003700949;;;;;;;
AR370950;XR370950;92003700950;;;;;;;
AR370951;XR370951;92003700951;;;;;;;
AR370952;XR370952;92003700952;;;;;;;
AR370953;XR370953;92003700953;;;;;;;
AR370954;XR370954;92003700954;;;;;;;
AR370955;XR370955;92003700955;;;;;;;
AR370956;XR370956;92003700956;;;;;;;
AR370957;XR370957;92003700957;;;;;;;
AR370958;XR370958;92003700958;;;;;;;
AR370959;XR370959;92003700959;;;;;;;
AR370960;XR370960;92003700960;;;;;;;
AR370961;XR370961;92003700961;;;;;;;
AR370962;XR370962;92003700962;;;;;;;
AR370963;XR370963;92003700963;;;;;;;
AR370964;XR370964;92003700964;;;;;;;
AR370965;XR370965;92003700965;;;;;;;
AR370966;XR370966;92003700966;;;;;;;
AR370967;XR370967;92003700967;;;;;;;
AR370968;XR370968;92003700968;;;;;;;
AR370969;XR370969;92003700969;;;;;;;
AR370970;XR370970;92003700970;;;;;;;
AR370971;XR370971;92003700971;;;;;;;
AR370972;XR370972;92003700972;;;;;;;
AR370973;XR370973;92003700973;;;;;;;
AR370974;XR370974;92003700974;;;;;;;
AR370975;XR370975;92003700975;;;;;;;
AR370976;XR370976;92003700976;;;;;;;
AR370977;XR370977;92003700977;;;;;;;
AR370978;XR370978;92003700978;;;;;;;
AR370979;XR370979;92003700979;;;;;;;
AR370980;XR370980;92003700980;;;;;;;
AR370981;XR370981;92003700981;;;;;;;
AR370982;XR370982;92003700982;;;;;;;
AR370983;XR370983;92003700983;;;;;;;
AR370984;XR370984;92003700984;;;;;;;
AR370985;XR370985;92003700985;;;;;;;
AR370986;XR370986;92003700986;;;;;;;
AR370987;XR370987;92003700987;;;;;;;
AR370988;XR370988;92003700988;;;;;;;
AR370989;XR370989;92003700989;;;;;;;
AR370990;XR370990;92003700990;;;;;;;
AR370991;XR370991;92003700991;;;;;;;
AR370992;XR370992;92003700992;;;;;;;
AR370993;XR370993;92003700993;;;;;;;
AR370994;XR370994;92003700994;;;;;;;
AR370995;XR370995;92003700995;;;;;;;
AR370996;XR370996;92003700996;;;;;;;
AR370997;XR370997;92003700997;;;;;;;
AR370998;XR370998;92003700998;;;;;;;
AR370999;XR370999;92003700999;;;;;;;
AR371000;XR371000;92003701000;;;;;;;
AR371001;XR371001;92003701001;;;;;;;
AR371002;XR371002;92003701002;;;;;;;
AR371003;XR371003;92003701003;;;;;;;
AR371004;XR371004;92003701004;;;;;;;
AR371005;XR371005;92003701005;;;;;;;
AR371006;XR371006;92003701006;;;;;;;
AR371007;XR371007;92003701007;;;;;;;
AR371008;XR371008;92003701008;;;;;;;
AR371009;XR371009;92003701009;;;;;;;
AR371010;XR371010;92003701010;;;;;;;
AR371011;XR371011;92003701011;;;;;;;
AR371012;XR371012;92003701012;;;;;;;
AR371013;XR371013;92003701013;;;;;;;
AR371014;XR371014;92003701014;;;;;;;
AR371015;XR371015;92003701015;;;;;;;
AR371016;XR371016;92003701016;;;;;;;
AR371017;XR371017;92003701017;;;;;;;
AR371018;XR371018;92003701018;;;;;;;
AR371019;XR371019;92003701019;;;;;;;
AR371020;XR371020;92003701020;;;;;;;
AR371021;XR371021;92003701021;;;;;;;
AR371022;XR371022;92003701022;;;;;;;
AR371023;XR371023;92003701023;;;;;;;
AR371024;XR371024;92003701024;;;;;;;
AR371025;XR371025;92003701025;;;;;;;
AR371026;XR371026;92003701026;;;;;;;
AR371027;XR371027;92003701027;;;;;;;
AR371028;XR371028;92003701028;;;;;;;
AR371029;XR371029;92003701029;;;;;;;
AR371030;XR371030;92003701030;;;;;;;
AR371031;XR371031;92003701031;;;;;;;
AR371032;XR371032;92003701032;;;;;;;
AR371033;XR371033;92003701033;;;;;;;
AR371034;XR371034;92003701034;;;;;;;
AR371035;XR371035;92003701035;;;;;;;
AR371036;XR371036;92003701036;;;;;;;
AR371037;XR371037;92003701037;;;;;;;
AR371038;XR371038;92003701038;;;;;;;
AR371039;XR371039;92003701039;;;;;;;
AR371040;XR371040;92003701040;;;;;;;
AR371041;XR371041;92003701041;;;;;;;
AR371042;XR371042;92003701042;;;;;;;
AR371043;XR371043;92003701043;;;;;;;
AR371044;XR371044;92003701044;;;;;;;
AR371045;XR371045;92003701045;;;;;;;
AR371046;XR371046;92003701046;;;;;;;
AR371047;XR371047;92003701047;;;;;;;
AR371048;XR371048;92003701048;;;;;;;
AR371049;XR371049;92003701049;;;;;;;
AR371050;XR371050;92003701050;;;;;;;
AR371051;XR371051;92003701051;;;;;;;
AR371052;XR371052;92003701052;;;;;;;
AR371053;XR371053;92003701053;;;;;;;
AR371054;XR371054;92003701054;;;;;;;
AR371055;XR371055;92003701055;;;;;;;
AR371056;XR371056;92003701056;;;;;;;
AR371057;XR371057;92003701057;;;;;;;
AR371058;XR371058;92003701058;;;;;;;
AR371059;XR371059;92003701059;;;;;;;
AR371060;XR371060;92003701060;;;;;;;
AR371061;XR371061;92003701061;;;;;;;
AR371062;XR371062;92003701062;;;;;;;
AR371063;XR371063;92003701063;;;;;;;
AR371064;XR371064;92003701064;;;;;;;
AR371065;XR371065;92003701065;;;;;;;
AR371066;XR371066;92003701066;;;;;;;
AR371067;XR371067;92003701067;;;;;;;
AR371068;XR371068;92003701068;;;;;;;
AR371069;XR371069;92003701069;;;;;;;
AR371070;XR371070;92003701070;;;;;;;
AR371071;XR371071;92003701071;;;;;;;
AR371072;XR371072;92003701072;;;;;;;
AR371073;XR371073;92003701073;;;;;;;
AR371074;XR371074;92003701074;;;;;;;
AR371075;XR371075;92003701075;;;;;;;
AR371076;XR371076;92003701076;;;;;;;
AR371077;XR371077;92003701077;;;;;;;
AR371078;XR371078;92003701078;;;;;;;
AR371079;XR371079;92003701079;;;;;;;
AR371080;XR371080;92003701080;;;;;;;
AR371081;XR371081;92003701081;;;;;;;
AR371082;XR371082;92003701082;;;;;;;
AR371083;XR371083;92003701083;;;;;;;
AR371084;XR371084;92003701084;;;;;;;
AR371085;XR371085;92003701085;;;;;;;
AR371086;XR371086;92003701086;;;;;;;
AR371087;XR371087;92003701087;;;;;;;
AR371088;XR371088;92003701088;;;;;;;
AR371089;XR371089;92003701089;;;;;;;
AR371090;XR371090;92003701090;;;;;;;
AR371091;XR371091;92003701091;;;;;;;
AR371092;XR371092;92003701092;;;;;;;
AR371093;XR371093;92003701093;;;;;;;
AR371094;XR371094;92003701094;;;;;;;
AR371095;XR371095;92003701095;;;;;;;
AR371096;XR371096;92003701096;;;;;;;
AR371097;XR371097;92003701097;;;;;;;
AR371098;XR371098;92003701098;;;;;;;
AR371099;XR371099;92003701099;;;;;;;
AR371100;XR371100;92003701100;;;;;;;
AR371101;XR371101;92003701101;;;;;;;
AR371102;XR371102;92003701102;;;;;;;
AR371103;XR371103;92003701103;;;;;;;
AR371104;XR371104;92003701104;;;;;;;
AR371105;XR371105;92003701105;;;;;;;
AR371106;XR371106;92003701106;;;;;;;
AR371107;XR371107;92003701107;;;;;;;
AR371108;XR371108;92003701108;;;;;;;
AR371109;XR371109;92003701109;;;;;;;
AR371110;XR371110;92003701110;;;;;;;
AR371111;XR371111;92003701111;;;;;;;
AR371112;XR371112;92003701112;;;;;;;
AR371113;XR371113;92003701113;;;;;;;
AR371114;XR371114;92003701114;;;;;;;
AR371115;XR371115;92003701115;;;;;;;
AR371116;XR371116;92003701116;;;;;;;
AR371117;XR371117;92003701117;;;;;;;
AR371118;XR371118;92003701118;;;;;;;
AR371119;XR371119;92003701119;;;;;;;
AR371120;XR371120;92003701120;;;;;;;
AR371121;XR371121;92003701121;;;;;;;
AR371122;XR371122;92003701122;;;;;;;
AR371123;XR371123;92003701123;;;;;;;
AR371124;XR371124;92003701124;;;;;;;
AR371125;XR371125;92003701125;;;;;;;
AR371126;XR371126;92003701126;;;;;;;
AR371127;XR371127;92003701127;;;;;;;
AR371128;XR371128;92003701128;;;;;;;
AR371129;XR371129;92003701129;;;;;;;
AR371130;XR371130;92003701130;;;;;;;
AR371131;XR371131;92003701131;;;;;;;
AR371132;XR371132;92003701132;;;;;;;
AR371133;XR371133;92003701133;;;;;;;
AR371134;XR371134;92003701134;;;;;;;
AR371135;XR371135;92003701135;;;;;;;
AR371136;XR371136;92003701136;;;;;;;
AR371137;XR371137;92003701137;;;;;;;
AR371138;XR371138;92003701138;;;;;;;
AR371139;XR371139;92003701139;;;;;;;
AR371140;XR371140;92003701140;;;;;;;
AR371141;XR371141;92003701141;;;;;;;
AR371142;XR371142;92003701142;;;;;;;
AR371143;XR371143;92003701143;;;;;;;
AR371144;XR371144;92003701144;;;;;;;
AR371145;XR371145;92003701145;;;;;;;
AR371146;XR371146;92003701146;;;;;;;
AR371147;XR371147;92003701147;;;;;;;
AR371148;XR371148;92003701148;;;;;;;
AR371149;XR371149;92003701149;;;;;;;
AR371150;XR371150;92003701150;;;;;;;
AR371151;XR371151;92003701151;;;;;;;
AR371152;XR371152;92003701152;;;;;;;
AR371153;XR371153;92003701153;;;;;;;
AR371154;XR371154;92003701154;;;;;;;
AR371155;XR371155;92003701155;;;;;;;
AR371156;XR371156;92003701156;;;;;;;
AR371157;XR371157;92003701157;;;;;;;
AR371158;XR371158;92003701158;;;;;;;
AR371159;XR371159;92003701159;;;;;;;
AR371160;XR371160;92003701160;;;;;;;
AR371161;XR371161;92003701161;;;;;;;
AR371162;XR371162;92003701162;;;;;;;
AR371163;XR371163;92003701163;;;;;;;
AR371164;XR371164;92003701164;;;;;;;
AR371165;XR371165;92003701165;;;;;;;
AR371166;XR371166;92003701166;;;;;;;
AR371167;XR371167;92003701167;;;;;;;
AR371168;XR371168;92003701168;;;;;;;
AR371169;XR371169;92003701169;;;;;;;
AR371170;XR371170;92003701170;;;;;;;
AR371171;XR371171;92003701171;;;;;;;
AR371172;XR371172;92003701172;;;;;;;
AR371173;XR371173;92003701173;;;;;;;
AR371174;XR371174;92003701174;;;;;;;
AR371175;XR371175;92003701175;;;;;;;
AR371176;XR371176;92003701176;;;;;;;
AR371177;XR371177;92003701177;;;;;;;
AR371178;XR371178;92003701178;;;;;;;
AR371179;XR371179;92003701179;;;;;;;
AR371180;XR371180;92003701180;;;;;;;
AR371181;XR371181;92003701181;;;;;;;
AR371182;XR371182;92003701182;;;;;;;
AR371183;XR371183;92003701183;;;;;;;
AR371184;XR371184;92003701184;;;;;;;
AR371185;XR371185;92003701185;;;;;;;
AR371186;XR371186;92003701186;;;;;;;
AR371187;XR371187;92003701187;;;;;;;
AR371188;XR371188;92003701188;;;;;;;
AR371189;XR371189;92003701189;;;;;;;
AR371190;XR371190;92003701190;;;;;;;
AR371191;XR371191;92003701191;;;;;;;
AR371192;XR371192;92003701192;;;;;;;
AR371193;XR371193;92003701193;;;;;;;
AR371194;XR371194;92003701194;;;;;;;
AR371195;XR371195;92003701195;;;;;;;
AR371196;XR371196;92003701196;;;;;;;
AR371197;XR371197;92003701197;;;;;;;
AR371198;XR371198;92003701198;;;;;;;
AR371199;XR371199;92003701199;;;;;;;
AR371200;XR371200;92003701200;;;;;;;
AR371201;XR371201;92003701201;;;;;;;
AR371202;XR371202;92003701202;;;;;;;
AR371203;XR371203;92003701203;;;;;;;
AR371204;XR371204;92003701204;;;;;;;
AR371205;XR371205;92003701205;;;;;;;
AR371206;XR371206;92003701206;;;;;;;
AR371207;XR371207;92003701207;;;;;;;
AR371208;XR371208;92003701208;;;;;;;
AR371209;XR371209;92003701209;;;;;;;
AR371210;XR371210;92003701210;;;;;;;
AR371211;XR371211;92003701211;;;;;;;
AR371212;XR371212;92003701212;;;;;;;
AR371213;XR371213;92003701213;;;;;;;
AR371214;XR371214;92003701214;;;;;;;
AR371215;XR371215;92003701215;;;;;;;
AR371216;XR371216;92003701216;;;;;;;
AR371217;XR371217;92003701217;;;;;;;
AR371218;XR371218;92003701218;;;;;;;
AR371219;XR371219;92003701219;;;;;;;
AR371220;XR371220;92003701220;;;;;;;
AR371221;XR371221;92003701221;;;;;;;
AR371222;XR371222;92003701222;;;;;;;
AR371223;XR371223;92003701223;;;;;;;
AR371224;XR371224;92003701224;;;;;;;
AR371225;XR371225;92003701225;;;;;;;
AR371226;XR371226;92003701226;;;;;;;
AR371227;XR371227;92003701227;;;;;;;
AR371228;XR371228;92003701228;;;;;;;
AR371229;XR371229;92003701229;;;;;;;
AR371230;XR371230;92003701230;;;;;;;
AR371231;XR371231;92003701231;;;;;;;
AR371232;XR371232;92003701232;;;;;;;
AR371233;XR371233;92003701233;;;;;;;
AR371234;XR371234;92003701234;;;;;;;
AR371235;XR371235;92003701235;;;;;;;
AR371236;XR371236;92003701236;;;;;;;
AR371237;XR371237;92003701237;;;;;;;
AR371238;XR371238;92003701238;;;;;;;
AR371239;XR371239;92003701239;;;;;;;
AR371240;XR371240;92003701240;;;;;;;
AR371241;XR371241;92003701241;;;;;;;
AR371242;XR371242;92003701242;;;;;;;
AR371243;XR371243;92003701243;;;;;;;
AR371244;XR371244;92003701244;;;;;;;
AR371245;XR371245;92003701245;;;;;;;
AR371246;XR371246;92003701246;;;;;;;
AR371247;XR371247;92003701247;;;;;;;
AR371248;XR371248;92003701248;;;;;;;
AR371249;XR371249;92003701249;;;;;;;
AR371250;XR371250;92003701250;;;;;;;
AR371251;XR371251;92003701251;;;;;;;
AR371252;XR371252;92003701252;;;;;;;
AR371253;XR371253;92003701253;;;;;;;
AR371254;XR371254;92003701254;;;;;;;
AR371255;XR371255;92003701255;;;;;;;
AR371256;XR371256;92003701256;;;;;;;
AR371257;XR371257;92003701257;;;;;;;
AR371258;XR371258;92003701258;;;;;;;
AR371259;XR371259;92003701259;;;;;;;
AR371260;XR371260;92003701260;;;;;;;
AR371261;XR371261;92003701261;;;;;;;
AR371262;XR371262;92003701262;;;;;;;
AR371263;XR371263;92003701263;;;;;;;
AR371264;XR371264;92003701264;;;;;;;
AR371265;XR371265;92003701265;;;;;;;
AR371266;XR371266;92003701266;;;;;;;
AR371267;XR371267;92003701267;;;;;;;
AR371268;XR371268;92003701268;;;;;;;
AR371269;XR371269;92003701269;;;;;;;
AR371270;XR371270;92003701270;;;;;;;
AR371271;XR371271;92003701271;;;;;;;
AR371272;XR371272;92003701272;;;;;;;
AR371273;XR371273;92003701273;;;;;;;
AR371274;XR371274;92003701274;;;;;;;
AR371275;XR371275;92003701275;;;;;;;
AR371276;XR371276;92003701276;;;;;;;
AR371277;XR371277;92003701277;;;;;;;
AR371278;XR371278;92003701278;;;;;;;
AR371279;XR371279;92003701279;;;;;;;
AR371280;XR371280;92003701280;;;;;;;
AR371281;XR371281;92003701281;;;;;;;
AR371282;XR371282;92003701282;;;;;;;
AR371283;XR371283;92003701283;;;;;;;
AR371284;XR371284;92003701284;;;;;;;
AR371285;XR371285;92003701285;;;;;;;
AR371286;XR371286;92003701286;;;;;;;
AR371287;XR371287;92003701287;;;;;;;
AR371288;XR371288;92003701288;;;;;;;
AR371289;XR371289;92003701289;;;;;;;
AR371290;XR371290;92003701290;;;;;;;
AR371291;XR371291;92003701291;;;;;;;
AR371292;XR371292;92003701292;;;;;;;
AR371293;XR371293;92003701293;;;;;;;
AR371294;XR371294;92003701294;;;;;;;
AR371295;XR371295;92003701295;;;;;;;
AR371296;XR371296;92003701296;;;;;;;
AR371297;XR371297;92003701297;;;;;;;
AR371298;XR371298;92003701298;;;;;;;
AR371299;XR371299;92003701299;;;;;;;
AR371300;XR371300;92003701300;;;;;;;
AR371301;XR371301;92003701301;;;;;;;
AR371302;XR371302;92003701302;;;;;;;
AR371303;XR371303;92003701303;;;;;;;
AR371304;XR371304;92003701304;;;;;;;
AR371305;XR371305;92003701305;;;;;;;
AR371306;XR371306;92003701306;;;;;;;
AR371307;XR371307;92003701307;;;;;;;
AR371308;XR371308;92003701308;;;;;;;
AR371309;XR371309;92003701309;;;;;;;
AR371310;XR371310;92003701310;;;;;;;
AR371311;XR371311;92003701311;;;;;;;
AR371312;XR371312;92003701312;;;;;;;
AR371313;XR371313;92003701313;;;;;;;
AR371314;XR371314;92003701314;;;;;;;
AR371315;XR371315;92003701315;;;;;;;
AR371316;XR371316;92003701316;;;;;;;
AR371317;XR371317;92003701317;;;;;;;
AR371318;XR371318;92003701318;;;;;;;
AR371319;XR371319;92003701319;;;;;;;
AR371320;XR371320;92003701320;;;;;;;
AR371321;XR371321;92003701321;;;;;;;
AR371322;XR371322;92003701322;;;;;;;
AR371323;XR371323;92003701323;;;;;;;
AR371324;XR371324;92003701324;;;;;;;
AR371325;XR371325;92003701325;;;;;;;
AR371326;XR371326;92003701326;;;;;;;
AR371327;XR371327;92003701327;;;;;;;
AR371328;XR371328;92003701328;;;;;;;
AR371329;XR371329;92003701329;;;;;;;
AR371330;XR371330;92003701330;;;;;;;
AR371331;XR371331;92003701331;;;;;;;
AR371332;XR371332;92003701332;;;;;;;
AR371333;XR371333;92003701333;;;;;;;
AR371334;XR371334;92003701334;;;;;;;
AR371335;XR371335;92003701335;;;;;;;
AR371336;XR371336;92003701336;;;;;;;
AR371337;XR371337;92003701337;;;;;;;
AR371338;XR371338;92003701338;;;;;;;
AR371339;XR371339;92003701339;;;;;;;
AR371340;XR371340;92003701340;;;;;;;
AR371341;XR371341;92003701341;;;;;;;
AR371342;XR371342;92003701342;;;;;;;
AR371343;XR371343;92003701343;;;;;;;
AR371344;XR371344;92003701344;;;;;;;
AR371345;XR371345;92003701345;;;;;;;
AR371346;XR371346;92003701346;;;;;;;
AR371347;XR371347;92003701347;;;;;;;
AR371348;XR371348;92003701348;;;;;;;
AR371349;XR371349;92003701349;;;;;;;
AR371350;XR371350;92003701350;;;;;;;
AR371351;XR371351;92003701351;;;;;;;
AR371352;XR371352;92003701352;;;;;;;
AR371353;XR371353;92003701353;;;;;;;
AR371354;XR371354;92003701354;;;;;;;
AR371355;XR371355;92003701355;;;;;;;
AR371356;XR371356;92003701356;;;;;;;
AR371357;XR371357;92003701357;;;;;;;
AR371358;XR371358;92003701358;;;;;;;
AR371359;XR371359;92003701359;;;;;;;
AR371360;XR371360;92003701360;;;;;;;
AR371361;XR371361;92003701361;;;;;;;
AR371362;XR371362;92003701362;;;;;;;
AR371363;XR371363;92003701363;;;;;;;
AR371364;XR371364;92003701364;;;;;;;
AR371365;XR371365;92003701365;;;;;;;
AR371366;XR371366;92003701366;;;;;;;
AR371367;XR371367;92003701367;;;;;;;
AR371368;XR371368;92003701368;;;;;;;
AR371369;XR371369;92003701369;;;;;;;
AR371370;XR371370;92003701370;;;;;;;
AR371371;XR371371;92003701371;;;;;;;
AR371372;XR371372;92003701372;;;;;;;
AR371373;XR371373;92003701373;;;;;;;
AR371374;XR371374;92003701374;;;;;;;
AR371375;XR371375;92003701375;;;;;;;
AR371376;XR371376;92003701376;;;;;;;
AR371377;XR371377;92003701377;;;;;;;
AR371378;XR371378;92003701378;;;;;;;
AR371379;XR371379;92003701379;;;;;;;
AR371380;XR371380;92003701380;;;;;;;
AR371381;XR371381;92003701381;;;;;;;
AR371382;XR371382;92003701382;;;;;;;
AR371383;XR371383;92003701383;;;;;;;
AR371384;XR371384;92003701384;;;;;;;
AR371385;XR371385;92003701385;;;;;;;
AR371386;XR371386;92003701386;;;;;;;
AR371387;XR371387;92003701387;;;;;;;
AR371388;XR371388;92003701388;;;;;;;
AR371389;XR371389;92003701389;;;;;;;
AR371390;XR371390;92003701390;;;;;;;
AR371391;XR371391;92003701391;;;;;;;
AR371392;XR371392;92003701392;;;;;;;
AR371393;XR371393;92003701393;;;;;;;
AR371394;XR371394;92003701394;;;;;;;
AR371395;XR371395;92003701395;;;;;;;
AR371396;XR371396;92003701396;;;;;;;
AR371397;XR371397;92003701397;;;;;;;
AR371398;XR371398;92003701398;;;;;;;
AR371399;XR371399;92003701399;;;;;;;
AR371400;XR371400;92003701400;;;;;;;
AR371401;XR371401;92003701401;;;;;;;
AR371402;XR371402;92003701402;;;;;;;
AR371403;XR371403;92003701403;;;;;;;
AR371404;XR371404;92003701404;;;;;;;
AR371405;XR371405;92003701405;;;;;;;
AR371406;XR371406;92003701406;;;;;;;
AR371407;XR371407;92003701407;;;;;;;
AR371408;XR371408;92003701408;;;;;;;
AR371409;XR371409;92003701409;;;;;;;
AR371410;XR371410;92003701410;;;;;;;
AR371411;XR371411;92003701411;;;;;;;
AR371412;XR371412;92003701412;;;;;;;
AR371413;XR371413;92003701413;;;;;;;
AR371414;XR371414;92003701414;;;;;;;
AR371415;XR371415;92003701415;;;;;;;
AR371416;XR371416;92003701416;;;;;;;
AR371417;XR371417;92003701417;;;;;;;
AR371418;XR371418;92003701418;;;;;;;
AR371419;XR371419;92003701419;;;;;;;
AR371420;XR371420;92003701420;;;;;;;
AR371421;XR371421;92003701421;;;;;;;
AR371422;XR371422;92003701422;;;;;;;
AR371423;XR371423;92003701423;;;;;;;
AR371424;XR371424;92003701424;;;;;;;
AR371425;XR371425;92003701425;;;;;;;
AR371426;XR371426;92003701426;;;;;;;
AR371427;XR371427;92003701427;;;;;;;
AR371428;XR371428;92003701428;;;;;;;
AR371429;XR371429;92003701429;;;;;;;
AR371430;XR371430;92003701430;;;;;;;
AR371431;XR371431;92003701431;;;;;;;
AR371432;XR371432;92003701432;;;;;;;
AR371433;XR371433;92003701433;;;;;;;
AR371434;XR371434;92003701434;;;;;;;
AR371435;XR371435;92003701435;;;;;;;
AR371436;XR371436;92003701436;;;;;;;
AR371437;XR371437;92003701437;;;;;;;
AR371438;XR371438;92003701438;;;;;;;
AR371439;XR371439;92003701439;;;;;;;
AR371440;XR371440;92003701440;;;;;;;
AR371441;XR371441;92003701441;;;;;;;
AR371442;XR371442;92003701442;;;;;;;
AR371443;XR371443;92003701443;;;;;;;
AR371444;XR371444;92003701444;;;;;;;
AR371445;XR371445;92003701445;;;;;;;
AR371446;XR371446;92003701446;;;;;;;
AR371447;XR371447;92003701447;;;;;;;
AR371448;XR371448;92003701448;;;;;;;
AR371449;XR371449;92003701449;;;;;;;
AR371450;XR371450;92003701450;;;;;;;
AR371451;XR371451;92003701451;;;;;;;
AR371452;XR371452;92003701452;;;;;;;
AR371453;XR371453;92003701453;;;;;;;
AR371454;XR371454;92003701454;;;;;;;
AR371455;XR371455;92003701455;;;;;;;
AR371456;XR371456;92003701456;;;;;;;
AR371457;XR371457;92003701457;;;;;;;
AR371458;XR371458;92003701458;;;;;;;
AR371459;XR371459;92003701459;;;;;;;
AR371460;XR371460;92003701460;;;;;;;
AR371461;XR371461;92003701461;;;;;;;
AR371462;XR371462;92003701462;;;;;;;
AR371463;XR371463;92003701463;;;;;;;
AR371464;XR371464;92003701464;;;;;;;
AR371465;XR371465;92003701465;;;;;;;
AR371466;XR371466;92003701466;;;;;;;
AR371467;XR371467;92003701467;;;;;;;
AR371468;XR371468;92003701468;;;;;;;
AR371469;XR371469;92003701469;;;;;;;
AR371470;XR371470;92003701470;;;;;;;
AR371471;XR371471;92003701471;;;;;;;
AR371472;XR371472;92003701472;;;;;;;
AR371473;XR371473;92003701473;;;;;;;
AR371474;XR371474;92003701474;;;;;;;
AR371475;XR371475;92003701475;;;;;;;
AR371476;XR371476;92003701476;;;;;;;
AR371477;XR371477;92003701477;;;;;;;
AR371478;XR371478;92003701478;;;;;;;
AR371479;XR371479;92003701479;;;;;;;
AR371480;XR371480;92003701480;;;;;;;
AR371481;XR371481;92003701481;;;;;;;
AR371482;XR371482;92003701482;;;;;;;
AR371483;XR371483;92003701483;;;;;;;
AR371484;XR371484;92003701484;;;;;;;
AR371485;XR371485;92003701485;;;;;;;
AR371486;XR371486;92003701486;;;;;;;
AR371487;XR371487;92003701487;;;;;;;
AR371488;XR371488;92003701488;;;;;;;
AR371489;XR371489;92003701489;;;;;;;
AR371490;XR371490;92003701490;;;;;;;
AR371491;XR371491;92003701491;;;;;;;
AR371492;XR371492;92003701492;;;;;;;
AR371493;XR371493;92003701493;;;;;;;
AR371494;XR371494;92003701494;;;;;;;
AR371495;XR371495;92003701495;;;;;;;
AR371496;XR371496;92003701496;;;;;;;
AR371497;XR371497;92003701497;;;;;;;
AR371498;XR371498;92003701498;;;;;;;
AR371499;XR371499;92003701499;;;;;;;
AR371500;XR371500;92003701500;;;;;;;
AR371501;XR371501;92003701501;;;;;;;
AR371502;XR371502;92003701502;;;;;;;
AR371503;XR371503;92003701503;;;;;;;
AR371504;XR371504;92003701504;;;;;;;
AR371505;XR371505;92003701505;;;;;;;
AR371506;XR371506;92003701506;;;;;;;
AR371507;XR371507;92003701507;;;;;;;
AR371508;XR371508;92003701508;;;;;;;
AR371509;XR371509;92003701509;;;;;;;
AR371510;XR371510;92003701510;;;;;;;
AR371511;XR371511;92003701511;;;;;;;
AR371512;XR371512;92003701512;;;;;;;
AR371513;XR371513;92003701513;;;;;;;
AR371514;XR371514;92003701514;;;;;;;
AR371515;XR371515;92003701515;;;;;;;
AR371516;XR371516;92003701516;;;;;;;
AR371517;XR371517;92003701517;;;;;;;
AR371518;XR371518;92003701518;;;;;;;
AR371519;XR371519;92003701519;;;;;;;
AR371520;XR371520;92003701520;;;;;;;
AR371521;XR371521;92003701521;;;;;;;
AR371522;XR371522;92003701522;;;;;;;
AR371523;XR371523;92003701523;;;;;;;
AR371524;XR371524;92003701524;;;;;;;
AR371525;XR371525;92003701525;;;;;;;
AR371526;XR371526;92003701526;;;;;;;
AR371527;XR371527;92003701527;;;;;;;
AR371528;XR371528;92003701528;;;;;;;
AR371529;XR371529;92003701529;;;;;;;
AR371530;XR371530;92003701530;;;;;;;
AR371531;XR371531;92003701531;;;;;;;
AR371532;XR371532;92003701532;;;;;;;
AR371533;XR371533;92003701533;;;;;;;
AR371534;XR371534;92003701534;;;;;;;
AR371535;XR371535;92003701535;;;;;;;
AR371536;XR371536;92003701536;;;;;;;
AR371537;XR371537;92003701537;;;;;;;
AR371538;XR371538;92003701538;;;;;;;
AR371539;XR371539;92003701539;;;;;;;
AR371540;XR371540;92003701540;;;;;;;
AR371541;XR371541;92003701541;;;;;;;
AR371542;XR371542;92003701542;;;;;;;
AR371543;XR371543;92003701543;;;;;;;
AR371544;XR371544;92003701544;;;;;;;
AR371545;XR371545;92003701545;;;;;;;
AR371546;XR371546;92003701546;;;;;;;
AR371547;XR371547;92003701547;;;;;;;
AR371548;XR371548;92003701548;;;;;;;
AR371549;XR371549;92003701549;;;;;;;
AR371550;XR371550;92003701550;;;;;;;
AR371551;XR371551;92003701551;;;;;;;
AR371552;XR371552;92003701552;;;;;;;
AR371553;XR371553;92003701553;;;;;;;
AR371554;XR371554;92003701554;;;;;;;
AR371555;XR371555;92003701555;;;;;;;
AR371556;XR371556;92003701556;;;;;;;
AR371557;XR371557;92003701557;;;;;;;
AR371558;XR371558;92003701558;;;;;;;
AR371559;XR371559;92003701559;;;;;;;
AR371560;XR371560;92003701560;;;;;;;
AR371561;XR371561;92003701561;;;;;;;
AR371562;XR371562;92003701562;;;;;;;
AR371563;XR371563;92003701563;;;;;;;
AR371564;XR371564;92003701564;;;;;;;
AR371565;XR371565;92003701565;;;;;;;
AR371566;XR371566;92003701566;;;;;;;
AR371567;XR371567;92003701567;;;;;;;
AR371568;XR371568;92003701568;;;;;;;
AR371569;XR371569;92003701569;;;;;;;
AR371570;XR371570;92003701570;;;;;;;
AR371571;XR371571;92003701571;;;;;;;
AR371572;XR371572;92003701572;;;;;;;
AR371573;XR371573;92003701573;;;;;;;
AR371574;XR371574;92003701574;;;;;;;
AR371575;XR371575;92003701575;;;;;;;
AR371576;XR371576;92003701576;;;;;;;
AR371577;XR371577;92003701577;;;;;;;
AR371578;XR371578;92003701578;;;;;;;
AR371579;XR371579;92003701579;;;;;;;
AR371580;XR371580;92003701580;;;;;;;
AR371581;XR371581;92003701581;;;;;;;
AR371582;XR371582;92003701582;;;;;;;
AR371583;XR371583;92003701583;;;;;;;
AR371584;XR371584;92003701584;;;;;;;
AR371585;XR371585;92003701585;;;;;;;
AR371586;XR371586;92003701586;;;;;;;
AR371587;XR371587;92003701587;;;;;;;
AR371588;XR371588;92003701588;;;;;;;
AR371589;XR371589;92003701589;;;;;;;
AR371590;XR371590;92003701590;;;;;;;
AR371591;XR371591;92003701591;;;;;;;
AR371592;XR371592;92003701592;;;;;;;
AR371593;XR371593;92003701593;;;;;;;
AR371594;XR371594;92003701594;;;;;;;
AR371595;XR371595;92003701595;;;;;;;
AR371596;XR371596;92003701596;;;;;;;
AR371597;XR371597;92003701597;;;;;;;
AR371598;XR371598;92003701598;;;;;;;
AR371599;XR371599;92003701599;;;;;;;
AR371600;XR371600;92003701600;;;;;;;
AR371601;XR371601;92003701601;;;;;;;
AR371602;XR371602;92003701602;;;;;;;
AR371603;XR371603;92003701603;;;;;;;
AR371604;XR371604;92003701604;;;;;;;
AR371605;XR371605;92003701605;;;;;;;
AR371606;XR371606;92003701606;;;;;;;
AR371607;XR371607;92003701607;;;;;;;
AR371608;XR371608;92003701608;;;;;;;
AR371609;XR371609;92003701609;;;;;;;
AR371610;XR371610;92003701610;;;;;;;
AR371611;XR371611;92003701611;;;;;;;
AR371612;XR371612;92003701612;;;;;;;
AR371613;XR371613;92003701613;;;;;;;
AR371614;XR371614;92003701614;;;;;;;
AR371615;XR371615;92003701615;;;;;;;
AR371616;XR371616;92003701616;;;;;;;
AR371617;XR371617;92003701617;;;;;;;
AR371618;XR371618;92003701618;;;;;;;
AR371619;XR371619;92003701619;;;;;;;
AR371620;XR371620;92003701620;;;;;;;
AR371621;XR371621;92003701621;;;;;;;
AR371622;XR371622;92003701622;;;;;;;
AR371623;XR371623;92003701623;;;;;;;
AR371624;XR371624;92003701624;;;;;;;
AR371625;XR371625;92003701625;;;;;;;
AR371626;XR371626;92003701626;;;;;;;
AR371627;XR371627;92003701627;;;;;;;
AR371628;XR371628;92003701628;;;;;;;
AR371629;XR371629;92003701629;;;;;;;
AR371630;XR371630;92003701630;;;;;;;
AR371631;XR371631;92003701631;;;;;;;
AR371632;XR371632;92003701632;;;;;;;
AR371633;XR371633;92003701633;;;;;;;
AR371634;XR371634;92003701634;;;;;;;
AR371635;XR371635;92003701635;;;;;;;
AR371636;XR371636;92003701636;;;;;;;
AR371637;XR371637;92003701637;;;;;;;
AR371638;XR371638;92003701638;;;;;;;
AR371639;XR371639;92003701639;;;;;;;
AR371640;XR371640;92003701640;;;;;;;
AR371641;XR371641;92003701641;;;;;;;
AR371642;XR371642;92003701642;;;;;;;
AR371643;XR371643;92003701643;;;;;;;
AR371644;XR371644;92003701644;;;;;;;
AR371645;XR371645;92003701645;;;;;;;
AR371646;XR371646;92003701646;;;;;;;
AR371647;XR371647;92003701647;;;;;;;
AR371648;XR371648;92003701648;;;;;;;
AR371649;XR371649;92003701649;;;;;;;
AR371650;XR371650;92003701650;;;;;;;
AR371651;XR371651;92003701651;;;;;;;
AR371652;XR371652;92003701652;;;;;;;
AR371653;XR371653;92003701653;;;;;;;
AR371654;XR371654;92003701654;;;;;;;
AR371655;XR371655;92003701655;;;;;;;
AR371656;XR371656;92003701656;;;;;;;
AR371657;XR371657;92003701657;;;;;;;
AR371658;XR371658;92003701658;;;;;;;
AR371659;XR371659;92003701659;;;;;;;
AR371660;XR371660;92003701660;;;;;;;
AR371661;XR371661;92003701661;;;;;;;
AR371662;XR371662;92003701662;;;;;;;
AR371663;XR371663;92003701663;;;;;;;
AR371664;XR371664;92003701664;;;;;;;
AR371665;XR371665;92003701665;;;;;;;
AR371666;XR371666;92003701666;;;;;;;
AR371667;XR371667;92003701667;;;;;;;
AR371668;XR371668;92003701668;;;;;;;
AR371669;XR371669;92003701669;;;;;;;
AR371670;XR371670;92003701670;;;;;;;
AR371671;XR371671;92003701671;;;;;;;
AR371672;XR371672;92003701672;;;;;;;
AR371673;XR371673;92003701673;;;;;;;
AR371674;XR371674;92003701674;;;;;;;
AR371675;XR371675;92003701675;;;;;;;
AR371676;XR371676;92003701676;;;;;;;
AR371677;XR371677;92003701677;;;;;;;
AR371678;XR371678;92003701678;;;;;;;
AR371679;XR371679;92003701679;;;;;;;
AR371680;XR371680;92003701680;;;;;;;
AR371681;XR371681;92003701681;;;;;;;
AR371682;XR371682;92003701682;;;;;;;
AR371683;XR371683;92003701683;;;;;;;
AR371684;XR371684;92003701684;;;;;;;
AR371685;XR371685;92003701685;;;;;;;
AR371686;XR371686;92003701686;;;;;;;
AR371687;XR371687;92003701687;;;;;;;
AR371688;XR371688;92003701688;;;;;;;
AR371689;XR371689;92003701689;;;;;;;
AR371690;XR371690;92003701690;;;;;;;
AR371691;XR371691;92003701691;;;;;;;
AR371692;XR371692;92003701692;;;;;;;
AR371693;XR371693;92003701693;;;;;;;
AR371694;XR371694;92003701694;;;;;;;
AR371695;XR371695;92003701695;;;;;;;
AR371696;XR371696;92003701696;;;;;;;
AR371697;XR371697;92003701697;;;;;;;
AR371698;XR371698;92003701698;;;;;;;
AR371699;XR371699;92003701699;;;;;;;
AR371700;XR371700;92003701700;;;;;;;
AR371701;XR371701;92003701701;;;;;;;
AR371702;XR371702;92003701702;;;;;;;
AR371703;XR371703;92003701703;;;;;;;
AR371704;XR371704;92003701704;;;;;;;
AR371705;XR371705;92003701705;;;;;;;
AR371706;XR371706;92003701706;;;;;;;
AR371707;XR371707;92003701707;;;;;;;
AR371708;XR371708;92003701708;;;;;;;
AR371709;XR371709;92003701709;;;;;;;
AR371710;XR371710;92003701710;;;;;;;
AR371711;XR371711;92003701711;;;;;;;
AR371712;XR371712;92003701712;;;;;;;
AR371713;XR371713;92003701713;;;;;;;
AR371714;XR371714;92003701714;;;;;;;
AR371715;XR371715;92003701715;;;;;;;
AR371716;XR371716;92003701716;;;;;;;
AR371717;XR371717;92003701717;;;;;;;
AR371718;XR371718;92003701718;;;;;;;
AR371719;XR371719;92003701719;;;;;;;
AR371720;XR371720;92003701720;;;;;;;
AR371721;XR371721;92003701721;;;;;;;
AR371722;XR371722;92003701722;;;;;;;
AR371723;XR371723;92003701723;;;;;;;
AR371724;XR371724;92003701724;;;;;;;
AR371725;XR371725;92003701725;;;;;;;
AR371726;XR371726;92003701726;;;;;;;
AR371727;XR371727;92003701727;;;;;;;
AR371728;XR371728;92003701728;;;;;;;
AR371729;XR371729;92003701729;;;;;;;
AR371730;XR371730;92003701730;;;;;;;
AR371731;XR371731;92003701731;;;;;;;
AR371732;XR371732;92003701732;;;;;;;
AR371733;XR371733;92003701733;;;;;;;
AR371734;XR371734;92003701734;;;;;;;
AR371735;XR371735;92003701735;;;;;;;
AR371736;XR371736;92003701736;;;;;;;
AR371737;XR371737;92003701737;;;;;;;
AR371738;XR371738;92003701738;;;;;;;
AR371739;XR371739;92003701739;;;;;;;
AR371740;XR371740;92003701740;;;;;;;
AR371741;XR371741;92003701741;;;;;;;
AR371742;XR371742;92003701742;;;;;;;
AR371743;XR371743;92003701743;;;;;;;
AR371744;XR371744;92003701744;;;;;;;
AR371745;XR371745;92003701745;;;;;;;
AR371746;XR371746;92003701746;;;;;;;
AR371747;XR371747;92003701747;;;;;;;
AR371748;XR371748;92003701748;;;;;;;
AR371749;XR371749;92003701749;;;;;;;
AR371750;XR371750;92003701750;;;;;;;
AR371751;XR371751;92003701751;;;;;;;
AR371752;XR371752;92003701752;;;;;;;
AR371753;XR371753;92003701753;;;;;;;
AR371754;XR371754;92003701754;;;;;;;
AR371755;XR371755;92003701755;;;;;;;
AR371756;XR371756;92003701756;;;;;;;
AR371757;XR371757;92003701757;;;;;;;
AR371758;XR371758;92003701758;;;;;;;
AR371759;XR371759;92003701759;;;;;;;
AR371760;XR371760;92003701760;;;;;;;
AR371761;XR371761;92003701761;;;;;;;
AR371762;XR371762;92003701762;;;;;;;
AR371763;XR371763;92003701763;;;;;;;
AR371764;XR371764;92003701764;;;;;;;
AR371765;XR371765;92003701765;;;;;;;
AR371766;XR371766;92003701766;;;;;;;
AR371767;XR371767;92003701767;;;;;;;
AR371768;XR371768;92003701768;;;;;;;
AR371769;XR371769;92003701769;;;;;;;
AR371770;XR371770;92003701770;;;;;;;
AR371771;XR371771;92003701771;;;;;;;
AR371772;XR371772;92003701772;;;;;;;
AR371773;XR371773;92003701773;;;;;;;
AR371774;XR371774;92003701774;;;;;;;
AR371775;XR371775;92003701775;;;;;;;
AR371776;XR371776;92003701776;;;;;;;
AR371777;XR371777;92003701777;;;;;;;
AR371778;XR371778;92003701778;;;;;;;
AR371779;XR371779;92003701779;;;;;;;
AR371780;XR371780;92003701780;;;;;;;
AR371781;XR371781;92003701781;;;;;;;
AR371782;XR371782;92003701782;;;;;;;
AR371783;XR371783;92003701783;;;;;;;
AR371784;XR371784;92003701784;;;;;;;
AR371785;XR371785;92003701785;;;;;;;
AR371786;XR371786;92003701786;;;;;;;
AR371787;XR371787;92003701787;;;;;;;
AR371788;XR371788;92003701788;;;;;;;
AR371789;XR371789;92003701789;;;;;;;
AR371790;XR371790;92003701790;;;;;;;
AR371791;XR371791;92003701791;;;;;;;
AR371792;XR371792;92003701792;;;;;;;
AR371793;XR371793;92003701793;;;;;;;
AR371794;XR371794;92003701794;;;;;;;
AR371795;XR371795;92003701795;;;;;;;
AR371796;XR371796;92003701796;;;;;;;
AR371797;XR371797;92003701797;;;;;;;
AR371798;XR371798;92003701798;;;;;;;
AR371799;XR371799;92003701799;;;;;;;
AR371800;XR371800;92003701800;;;;;;;
AR371801;XR371801;92003701801;;;;;;;
AR371802;XR371802;92003701802;;;;;;;
AR371803;XR371803;92003701803;;;;;;;
AR371804;XR371804;92003701804;;;;;;;
AR371805;XR371805;92003701805;;;;;;;
AR371806;XR371806;92003701806;;;;;;;
AR371807;XR371807;92003701807;;;;;;;
AR371808;XR371808;92003701808;;;;;;;
AR371809;XR371809;92003701809;;;;;;;
AR371810;XR371810;92003701810;;;;;;;
AR371811;XR371811;92003701811;;;;;;;
AR371812;XR371812;92003701812;;;;;;;
AR371813;XR371813;92003701813;;;;;;;
AR371814;XR371814;92003701814;;;;;;;
AR371815;XR371815;92003701815;;;;;;;
AR371816;XR371816;92003701816;;;;;;;
AR371817;XR371817;92003701817;;;;;;;
AR371818;XR371818;92003701818;;;;;;;
AR371819;XR371819;92003701819;;;;;;;
AR371820;XR371820;92003701820;;;;;;;
AR371821;XR371821;92003701821;;;;;;;
AR371822;XR371822;92003701822;;;;;;;
AR371823;XR371823;92003701823;;;;;;;
AR371824;XR371824;92003701824;;;;;;;
AR371825;XR371825;92003701825;;;;;;;
AR371826;XR371826;92003701826;;;;;;;
AR371827;XR371827;92003701827;;;;;;;
AR371828;XR371828;92003701828;;;;;;;
AR371829;XR371829;92003701829;;;;;;;
AR371830;XR371830;92003701830;;;;;;;
AR371831;XR371831;92003701831;;;;;;;
AR371832;XR371832;92003701832;;;;;;;
AR371833;XR371833;92003701833;;;;;;;
AR371834;XR371834;92003701834;;;;;;;
AR371835;XR371835;92003701835;;;;;;;
AR371836;XR371836;92003701836;;;;;;;
AR371837;XR371837;92003701837;;;;;;;
AR371838;XR371838;92003701838;;;;;;;
AR371839;XR371839;92003701839;;;;;;;
AR371840;XR371840;92003701840;;;;;;;
AR371841;XR371841;92003701841;;;;;;;
AR371842;XR371842;92003701842;;;;;;;
AR371843;XR371843;92003701843;;;;;;;
AR371844;XR371844;92003701844;;;;;;;
AR371845;XR371845;92003701845;;;;;;;
AR371846;XR371846;92003701846;;;;;;;
AR371847;XR371847;92003701847;;;;;;;
AR371848;XR371848;92003701848;;;;;;;
AR371849;XR371849;92003701849;;;;;;;
AR371850;XR371850;92003701850;;;;;;;
AR371851;XR371851;92003701851;;;;;;;
AR371852;XR371852;92003701852;;;;;;;
AR371853;XR371853;92003701853;;;;;;;
AR371854;XR371854;92003701854;;;;;;;
AR371855;XR371855;92003701855;;;;;;;
AR371856;XR371856;92003701856;;;;;;;
AR371857;XR371857;92003701857;;;;;;;
AR371858;XR371858;92003701858;;;;;;;
AR371859;XR371859;92003701859;;;;;;;
AR371860;XR371860;92003701860;;;;;;;
AR371861;XR371861;92003701861;;;;;;;
AR371862;XR371862;92003701862;;;;;;;
AR371863;XR371863;92003701863;;;;;;;
AR371864;XR371864;92003701864;;;;;;;
AR371865;XR371865;92003701865;;;;;;;
AR371866;XR371866;92003701866;;;;;;;
AR371867;XR371867;92003701867;;;;;;;
AR371868;XR371868;92003701868;;;;;;;
AR371869;XR371869;92003701869;;;;;;;
AR371870;XR371870;92003701870;;;;;;;
AR371871;XR371871;92003701871;;;;;;;
AR371872;XR371872;92003701872;;;;;;;
AR371873;XR371873;92003701873;;;;;;;
AR371874;XR371874;92003701874;;;;;;;
AR371875;XR371875;92003701875;;;;;;;
AR371876;XR371876;92003701876;;;;;;;
AR371877;XR371877;92003701877;;;;;;;
AR371878;XR371878;92003701878;;;;;;;
AR371879;XR371879;92003701879;;;;;;;
AR371880;XR371880;92003701880;;;;;;;
AR371881;XR371881;92003701881;;;;;;;
AR371882;XR371882;92003701882;;;;;;;
AR371883;XR371883;92003701883;;;;;;;
AR371884;XR371884;92003701884;;;;;;;
AR371885;XR371885;92003701885;;;;;;;
AR371886;XR371886;92003701886;;;;;;;
AR371887;XR371887;92003701887;;;;;;;
AR371888;XR371888;92003701888;;;;;;;
AR371889;XR371889;92003701889;;;;;;;
AR371890;XR371890;92003701890;;;;;;;
AR371891;XR371891;92003701891;;;;;;;
AR371892;XR371892;92003701892;;;;;;;
AR371893;XR371893;92003701893;;;;;;;
AR371894;XR371894;92003701894;;;;;;;
AR371895;XR371895;92003701895;;;;;;;
AR371896;XR371896;92003701896;;;;;;;
AR371897;XR371897;92003701897;;;;;;;
AR371898;XR371898;92003701898;;;;;;;
AR371899;XR371899;92003701899;;;;;;;
AR371900;XR371900;92003701900;;;;;;;
AR371901;XR371901;92003701901;;;;;;;
AR371902;XR371902;92003701902;;;;;;;
AR371903;XR371903;92003701903;;;;;;;
AR371904;XR371904;92003701904;;;;;;;
AR371905;XR371905;92003701905;;;;;;;
AR371906;XR371906;92003701906;;;;;;;
AR371907;XR371907;92003701907;;;;;;;
AR371908;XR371908;92003701908;;;;;;;
AR371909;XR371909;92003701909;;;;;;;
AR371910;XR371910;92003701910;;;;;;;
AR371911;XR371911;92003701911;;;;;;;
AR371912;XR371912;92003701912;;;;;;;
AR371913;XR371913;92003701913;;;;;;;
AR371914;XR371914;92003701914;;;;;;;
AR371915;XR371915;92003701915;;;;;;;
AR371916;XR371916;92003701916;;;;;;;
AR371917;XR371917;92003701917;;;;;;;
AR371918;XR371918;92003701918;;;;;;;
AR371919;XR371919;92003701919;;;;;;;
AR371920;XR371920;92003701920;;;;;;;
AR371921;XR371921;92003701921;;;;;;;
AR371922;XR371922;92003701922;;;;;;;
AR371923;XR371923;92003701923;;;;;;;
AR371924;XR371924;92003701924;;;;;;;
AR371925;XR371925;92003701925;;;;;;;
AR371926;XR371926;92003701926;;;;;;;
AR371927;XR371927;92003701927;;;;;;;
AR371928;XR371928;92003701928;;;;;;;
AR371929;XR371929;92003701929;;;;;;;
AR371930;XR371930;92003701930;;;;;;;
AR371931;XR371931;92003701931;;;;;;;
AR371932;XR371932;92003701932;;;;;;;
AR371933;XR371933;92003701933;;;;;;;
AR371934;XR371934;92003701934;;;;;;;
AR371935;XR371935;92003701935;;;;;;;
AR371936;XR371936;92003701936;;;;;;;
AR371937;XR371937;92003701937;;;;;;;
AR371938;XR371938;92003701938;;;;;;;
AR371939;XR371939;92003701939;;;;;;;
AR371940;XR371940;92003701940;;;;;;;
AR371941;XR371941;92003701941;;;;;;;
AR371942;XR371942;92003701942;;;;;;;
AR371943;XR371943;92003701943;;;;;;;
AR371944;XR371944;92003701944;;;;;;;
AR371945;XR371945;92003701945;;;;;;;
AR371946;XR371946;92003701946;;;;;;;
AR371947;XR371947;92003701947;;;;;;;
AR371948;XR371948;92003701948;;;;;;;
AR371949;XR371949;92003701949;;;;;;;
AR371950;XR371950;92003701950;;;;;;;
AR371951;XR371951;92003701951;;;;;;;
AR371952;XR371952;92003701952;;;;;;;
AR371953;XR371953;92003701953;;;;;;;
AR371954;XR371954;92003701954;;;;;;;
AR371955;XR371955;92003701955;;;;;;;
AR371956;XR371956;92003701956;;;;;;;
AR371957;XR371957;92003701957;;;;;;;
AR371958;XR371958;92003701958;;;;;;;
AR371959;XR371959;92003701959;;;;;;;
AR371960;XR371960;92003701960;;;;;;;
AR371961;XR371961;92003701961;;;;;;;
AR371962;XR371962;92003701962;;;;;;;
AR371963;XR371963;92003701963;;;;;;;
AR371964;XR371964;92003701964;;;;;;;
AR371965;XR371965;92003701965;;;;;;;
AR371966;XR371966;92003701966;;;;;;;
AR371967;XR371967;92003701967;;;;;;;
AR371968;XR371968;92003701968;;;;;;;
AR371969;XR371969;92003701969;;;;;;;
AR371970;XR371970;92003701970;;;;;;;
AR371971;XR371971;92003701971;;;;;;;
AR371972;XR371972;92003701972;;;;;;;
AR371973;XR371973;92003701973;;;;;;;
AR371974;XR371974;92003701974;;;;;;;
AR371975;XR371975;92003701975;;;;;;;
AR371976;XR371976;92003701976;;;;;;;
AR371977;XR371977;92003701977;;;;;;;
AR371978;XR371978;92003701978;;;;;;;
AR371979;XR371979;92003701979;;;;;;;
AR371980;XR371980;92003701980;;;;;;;
AR371981;XR371981;92003701981;;;;;;;
AR371982;XR371982;92003701982;;;;;;;
AR371983;XR371983;92003701983;;;;;;;
AR371984;XR371984;92003701984;;;;;;;
AR371985;XR371985;92003701985;;;;;;;
AR371986;XR371986;92003701986;;;;;;;
AR371987;XR371987;92003701987;;;;;;;
AR371988;XR371988;92003701988;;;;;;;
AR371989;XR371989;92003701989;;;;;;;
AR371990;XR371990;92003701990;;;;;;;
AR371991;XR371991;92003701991;;;;;;;
AR371992;XR371992;92003701992;;;;;;;
AR371993;XR371993;92003701993;;;;;;;
AR371994;XR371994;92003701994;;;;;;;
AR371995;XR371995;92003701995;;;;;;;
AR371996;XR371996;92003701996;;;;;;;
AR371997;XR371997;92003701997;;;;;;;
AR371998;XR371998;92003701998;;;;;;;
AR371999;XR371999;92003701999;;;;;;;
AR372000;XR372000;92003702000;;;;;;;
AR372001;XR372001;92003702001;;;;;;;
AR372002;XR372002;92003702002;;;;;;;
AR372003;XR372003;92003702003;;;;;;;
