100;DX370001;XS370001;XR370001
101;DX370002;XS370002;XR370002
102;DX370003;XS370003;XR370003
103;DX370004;XS370004;XR370004
104;DX370005;XS370005;XR370005
105;DX370006;XS370006;XR370006
106;DX370007;XS370007;XR370007
107;DX370008;XS370008;XR370008
108;DX370009;XS370009;XR370009
109;DX370010;XS370010;XR370010
110;DX370011;XS370011;XR370011
111;DX370012;XS370012;XR370012
112;DX370013;XS370013;XR370013
113;DX370014;XS370014;XR370014
114;DX370015;XS370015;XR370015
115;DX370016;XS370016;XR370016
116;DX370017;XS370017;XR370017
117;DX370018;XS370018;XR370018
118;DX370019;XS370019;XR370019
119;DX370020;XS370020;XR370020
120;DX370021;XS370021;XR370021
121;DX370022;XS370022;XR370022
122;DX370023;XS370023;XR370023
123;DX370024;XS370024;XR370024
124;DX370025;XS370025;XR370025
125;DX370026;XS370026;XR370026
126;DX370027;XS370027;XR370027
127;DX370028;XS370028;XR370028
128;DX370029;XS370029;XR370029
129;DX370030;XS370030;XR370030
130;DX370031;XS370031;XR370031
131;DX370032;XS370032;XR370032
132;DX370033;XS370033;XR370033
133;DX370034;XS370034;XR370034
134;DX370035;XS370035;XR370035
135;DX370036;XS370036;XR370036
136;DX370037;XS370037;XR370037
137;DX370038;XS370038;XR370038
138;DX370039;XS370039;XR370039
139;DX370040;XS370040;XR370040
140;DX370041;XS370041;XR370041
141;DX370042;XS370042;XR370042
142;DX370043;XS370043;XR370043
143;DX370044;XS370044;XR370044
144;DX370045;XS370045;XR370045
145;DX370046;XS370046;XR370046
146;DX370047;XS370047;XR370047
147;DX370048;XS370048;XR370048
148;DX370049;XS370049;XR370049
149;DX370050;XS370050;XR370050
150;DX370051;XS370051;XR370051
151;DX370052;XS370052;XR370052
152;DX370053;XS370053;XR370053
153;DX370054;XS370054;XR370054
154;DX370055;XS370055;XR370055
155;DX370056;XS370056;XR370056
156;DX370057;XS370057;XR370057
157;DX370058;XS370058;XR370058
158;DX370059;XS370059;XR370059
159;DX370060;XS370060;XR370060
160;DX370061;XS370061;XR370061
161;DX370062;XS370062;XR370062
162;DX370063;XS370063;XR370063
163;DX370064;XS370064;XR370064
164;DX370065;XS370065;XR370065
165;DX370066;XS370066;XR370066
166;DX370067;XS370067;XR370067
167;DX370068;XS370068;XR370068
168;DX370069;XS370069;XR370069
169;DX370070;XS370070;XR370070
170;DX370071;XS370071;XR370071
171;DX370072;XS370072;XR370072
172;DX370073;XS370073;XR370073
173;DX370074;XS370074;XR370074
174;DX370075;XS370075;XR370075
175;DX370076;XS370076;XR370076
176;DX370077;XS370077;XR370077
177;DX370078;XS370078;XR370078
178;DX370079;XS370079;XR370079
179;DX370080;XS370080;XR370080
180;DX370081;XS370081;XR370081
181;DX370082;XS370082;XR370082
182;DX370083;XS370083;XR370083
183;DX370084;XS370084;XR370084
184;DX370085;XS370085;XR370085
185;DX370086;XS370086;XR370086
186;DX370087;XS370087;XR370087
187;DX370088;XS370088;XR370088
188;DX370089;XS370089;XR370089
189;DX370090;XS370090;XR370090
190;DX370091;XS370091;XR370091
191;DX370092;XS370092;XR370092
192;DX370093;XS370093;XR370093
193;DX370094;XS370094;XR370094
194;DX370095;XS370095;XR370095
195;DX370096;XS370096;XR370096
196;DX370097;XS370097;XR370097
197;DX370098;XS370098;XR370098
198;DX370099;XS370099;XR370099
199;DX370100;XS370100;XR370100
200;DX370101;XS370101;XR370101
201;DX370102;XS370102;XR370102
202;DX370103;XS370103;XR370103
203;DX370104;XS370104;XR370104
204;DX370105;XS370105;XR370105
205;DX370106;XS370106;XR370106
206;DX370107;XS370107;XR370107
207;DX370108;XS370108;XR370108
208;DX370109;XS370109;XR370109
209;DX370110;XS370110;XR370110
210;DX370111;XS370111;XR370111
211;DX370112;XS370112;XR370112
212;DX370113;XS370113;XR370113
213;DX370114;XS370114;XR370114
214;DX370115;XS370115;XR370115
215;DX370116;XS370116;XR370116
216;DX370117;XS370117;XR370117
217;DX370118;XS370118;XR370118
218;DX370119;XS370119;XR370119
219;DX370120;XS370120;XR370120
220;DX370121;XS370121;XR370121
221;DX370122;XS370122;XR370122
222;DX370123;XS370123;XR370123
223;DX370124;XS370124;XR370124
224;DX370125;XS370125;XR370125
225;DX370126;XS370126;XR370126
226;DX370127;XS370127;XR370127
227;DX370128;XS370128;XR370128
228;DX370129;XS370129;XR370129
229;DX370130;XS370130;XR370130
230;DX370131;XS370131;XR370131
231;DX370132;XS370132;XR370132
232;DX370133;XS370133;XR370133
233;DX370134;XS370134;XR370134
234;DX370135;XS370135;XR370135
235;DX370136;XS370136;XR370136
236;DX370137;XS370137;XR370137
237;DX370138;XS370138;XR370138
238;DX370139;XS370139;XR370139
239;DX370140;XS370140;XR370140
240;DX370141;XS370141;XR370141
241;DX370142;XS370142;XR370142
242;DX370143;XS370143;XR370143
243;DX370144;XS370144;XR370144
244;DX370145;XS370145;XR370145
245;DX370146;XS370146;XR370146
246;DX370147;XS370147;XR370147
247;DX370148;XS370148;XR370148
248;DX370149;XS370149;XR370149
249;DX370150;XS370150;XR370150
250;DX370151;XS370151;XR370151
251;DX370152;XS370152;XR370152
252;DX370153;XS370153;XR370153
253;DX370154;XS370154;XR370154
254;DX370155;XS370155;XR370155
255;DX370156;XS370156;XR370156
256;DX370157;XS370157;XR370157
257;DX370158;XS370158;XR370158
258;DX370159;XS370159;XR370159
259;DX370160;XS370160;XR370160
260;DX370161;XS370161;XR370161
261;DX370162;XS370162;XR370162
262;DX370163;XS370163;XR370163
263;DX370164;XS370164;XR370164
264;DX370165;XS370165;XR370165
265;DX370166;XS370166;XR370166
266;DX370167;XS370167;XR370167
267;DX370168;XS370168;XR370168
268;DX370169;XS370169;XR370169
269;DX370170;XS370170;XR370170
270;DX370171;XS370171;XR370171
271;DX370172;XS370172;XR370172
272;DX370173;XS370173;XR370173
273;DX370174;XS370174;XR370174
274;DX370175;XS370175;XR370175
275;DX370176;XS370176;XR370176
276;DX370177;XS370177;XR370177
277;DX370178;XS370178;XR370178
278;DX370179;XS370179;XR370179
279;DX370180;XS370180;XR370180
280;DX370181;XS370181;XR370181
281;DX370182;XS370182;XR370182
282;DX370183;XS370183;XR370183
283;DX370184;XS370184;XR370184
284;DX370185;XS370185;XR370185
285;DX370186;XS370186;XR370186
286;DX370187;XS370187;XR370187
287;DX370188;XS370188;XR370188
288;DX370189;XS370189;XR370189
289;DX370190;XS370190;XR370190
290;DX370191;XS370191;XR370191
291;DX370192;XS370192;XR370192
292;DX370193;XS370193;XR370193
293;DX370194;XS370194;XR370194
294;DX370195;XS370195;XR370195
295;DX370196;XS370196;XR370196
296;DX370197;XS370197;XR370197
297;DX370198;XS370198;XR370198
298;DX370199;XS370199;XR370199
299;DX370200;XS370200;XR370200
300;DX370201;XS370201;XR370201
301;DX370202;XS370202;XR370202
302;DX370203;XS370203;XR370203
303;DX370204;XS370204;XR370204
304;DX370205;XS370205;XR370205
305;DX370206;XS370206;XR370206
306;DX370207;XS370207;XR370207
307;DX370208;XS370208;XR370208
308;DX370209;XS370209;XR370209
309;DX370210;XS370210;XR370210
310;DX370211;XS370211;XR370211
311;DX370212;XS370212;XR370212
312;DX370213;XS370213;XR370213
313;DX370214;XS370214;XR370214
314;DX370215;XS370215;XR370215
315;DX370216;XS370216;XR370216
316;DX370217;XS370217;XR370217
317;DX370218;XS370218;XR370218
318;DX370219;XS370219;XR370219
319;DX370220;XS370220;XR370220
320;DX370221;XS370221;XR370221
321;DX370222;XS370222;XR370222
322;DX370223;XS370223;XR370223
323;DX370224;XS370224;XR370224
324;DX370225;XS370225;XR370225
325;DX370226;XS370226;XR370226
326;DX370227;XS370227;XR370227
327;DX370228;XS370228;XR370228
328;DX370229;XS370229;XR370229
329;DX370230;XS370230;XR370230
330;DX370231;XS370231;XR370231
331;DX370232;XS370232;XR370232
332;DX370233;XS370233;XR370233
333;DX370234;XS370234;XR370234
334;DX370235;XS370235;XR370235
335;DX370236;XS370236;XR370236
336;DX370237;XS370237;XR370237
337;DX370238;XS370238;XR370238
338;DX370239;XS370239;XR370239
339;DX370240;XS370240;XR370240
340;DX370241;XS370241;XR370241
341;DX370242;XS370242;XR370242
342;DX370243;XS370243;XR370243
343;DX370244;XS370244;XR370244
344;DX370245;XS370245;XR370245
345;DX370246;XS370246;XR370246
346;DX370247;XS370247;XR370247
347;DX370248;XS370248;XR370248
348;DX370249;XS370249;XR370249
349;DX370250;XS370250;XR370250
350;DX370251;XS370251;XR370251
351;DX370252;XS370252;XR370252
352;DX370253;XS370253;XR370253
353;DX370254;XS370254;XR370254
354;DX370255;XS370255;XR370255
355;DX370256;XS370256;XR370256
356;DX370257;XS370257;XR370257
357;DX370258;XS370258;XR370258
358;DX370259;XS370259;XR370259
359;DX370260;XS370260;XR370260
360;DX370261;XS370261;XR370261
361;DX370262;XS370262;XR370262
362;DX370263;XS370263;XR370263
363;DX370264;XS370264;XR370264
364;DX370265;XS370265;XR370265
365;DX370266;XS370266;XR370266
366;DX370267;XS370267;XR370267
367;DX370268;XS370268;XR370268
368;DX370269;XS370269;XR370269
369;DX370270;XS370270;XR370270
370;DX370271;XS370271;XR370271
371;DX370272;XS370272;XR370272
372;DX370273;XS370273;XR370273
373;DX370274;XS370274;XR370274
374;DX370275;XS370275;XR370275
375;DX370276;XS370276;XR370276
376;DX370277;XS370277;XR370277
377;DX370278;XS370278;XR370278
378;DX370279;XS370279;XR370279
379;DX370280;XS370280;XR370280
380;DX370281;XS370281;XR370281
381;DX370282;XS370282;XR370282
382;DX370283;XS370283;XR370283
383;DX370284;XS370284;XR370284
384;DX370285;XS370285;XR370285
385;DX370286;XS370286;XR370286
386;DX370287;XS370287;XR370287
387;DX370288;XS370288;XR370288
388;DX370289;XS370289;XR370289
389;DX370290;XS370290;XR370290
390;DX370291;XS370291;XR370291
391;DX370292;XS370292;XR370292
392;DX370293;XS370293;XR370293
393;DX370294;XS370294;XR370294
394;DX370295;XS370295;XR370295
395;DX370296;XS370296;XR370296
396;DX370297;XS370297;XR370297
397;DX370298;XS370298;XR370298
398;DX370299;XS370299;XR370299
399;DX370300;XS370300;XR370300
400;DX370301;XS370301;XR370301
401;DX370302;XS370302;XR370302
402;DX370303;XS370303;XR370303
403;DX370304;XS370304;XR370304
404;DX370305;XS370305;XR370305
405;DX370306;XS370306;XR370306
406;DX370307;XS370307;XR370307
407;DX370308;XS370308;XR370308
408;DX370309;XS370309;XR370309
409;DX370310;XS370310;XR370310
410;DX370311;XS370311;XR370311
411;DX370312;XS370312;XR370312
412;DX370313;XS370313;XR370313
413;DX370314;XS370314;XR370314
414;DX370315;XS370315;XR370315
415;DX370316;XS370316;XR370316
416;DX370317;XS370317;XR370317
417;DX370318;XS370318;XR370318
418;DX370319;XS370319;XR370319
419;DX370320;XS370320;XR370320
420;DX370321;XS370321;XR370321
421;DX370322;XS370322;XR370322
422;DX370323;XS370323;XR370323
423;DX370324;XS370324;XR370324
424;DX370325;XS370325;XR370325
425;DX370326;XS370326;XR370326
426;DX370327;XS370327;XR370327
427;DX370328;XS370328;XR370328
428;DX370329;XS370329;XR370329
429;DX370330;XS370330;XR370330
430;DX370331;XS370331;XR370331
431;DX370332;XS370332;XR370332
432;DX370333;XS370333;XR370333
433;DX370334;XS370334;XR370334
434;DX370335;XS370335;XR370335
435;DX370336;XS370336;XR370336
436;DX370337;XS370337;XR370337
437;DX370338;XS370338;XR370338
438;DX370339;XS370339;XR370339
439;DX370340;XS370340;XR370340
440;DX370341;XS370341;XR370341
441;DX370342;XS370342;XR370342
442;DX370343;XS370343;XR370343
443;DX370344;XS370344;XR370344
444;DX370345;XS370345;XR370345
445;DX370346;XS370346;XR370346
446;DX370347;XS370347;XR370347
447;DX370348;XS370348;XR370348
448;DX370349;XS370349;XR370349
449;DX370350;XS370350;XR370350
450;DX370351;XS370351;XR370351
451;DX370352;XS370352;XR370352
452;DX370353;XS370353;XR370353
453;DX370354;XS370354;XR370354
454;DX370355;XS370355;XR370355
455;DX370356;XS370356;XR370356
456;DX370357;XS370357;XR370357
457;DX370358;XS370358;XR370358
458;DX370359;XS370359;XR370359
459;DX370360;XS370360;XR370360
460;DX370361;XS370361;XR370361
461;DX370362;XS370362;XR370362
462;DX370363;XS370363;XR370363
463;DX370364;XS370364;XR370364
464;DX370365;XS370365;XR370365
465;DX370366;XS370366;XR370366
466;DX370367;XS370367;XR370367
467;DX370368;XS370368;XR370368
468;DX370369;XS370369;XR370369
469;DX370370;XS370370;XR370370
470;DX370371;XS370371;XR370371
471;DX370372;XS370372;XR370372
472;DX370373;XS370373;XR370373
473;DX370374;XS370374;XR370374
474;DX370375;XS370375;XR370375
475;DX370376;XS370376;XR370376
476;DX370377;XS370377;XR370377
477;DX370378;XS370378;XR370378
478;DX370379;XS370379;XR370379
479;DX370380;XS370380;XR370380
480;DX370381;XS370381;XR370381
481;DX370382;XS370382;XR370382
482;DX370383;XS370383;XR370383
483;DX370384;XS370384;XR370384
484;DX370385;XS370385;XR370385
485;DX370386;XS370386;XR370386
486;DX370387;XS370387;XR370387
487;DX370388;XS370388;XR370388
488;DX370389;XS370389;XR370389
489;DX370390;XS370390;XR370390
490;DX370391;XS370391;XR370391
491;DX370392;XS370392;XR370392
492;DX370393;XS370393;XR370393
493;DX370394;XS370394;XR370394
494;DX370395;XS370395;XR370395
495;DX370396;XS370396;XR370396
496;DX370397;XS370397;XR370397
497;DX370398;XS370398;XR370398
498;DX370399;XS370399;XR370399
499;DX370400;XS370400;XR370400
500;DX370401;XS370401;XR370401
501;DX370402;XS370402;XR370402
502;DX370403;XS370403;XR370403
503;DX370404;XS370404;XR370404
504;DX370405;XS370405;XR370405
505;DX370406;XS370406;XR370406
506;DX370407;XS370407;XR370407
507;DX370408;XS370408;XR370408
508;DX370409;XS370409;XR370409
509;DX370410;XS370410;XR370410
510;DX370411;XS370411;XR370411
511;DX370412;XS370412;XR370412
512;DX370413;XS370413;XR370413
513;DX370414;XS370414;XR370414
514;DX370415;XS370415;XR370415
515;DX370416;XS370416;XR370416
516;DX370417;XS370417;XR370417
517;DX370418;XS370418;XR370418
518;DX370419;XS370419;XR370419
519;DX370420;XS370420;XR370420
520;DX370421;XS370421;XR370421
521;DX370422;XS370422;XR370422
522;DX370423;XS370423;XR370423
523;DX370424;XS370424;XR370424
524;DX370425;XS370425;XR370425
525;DX370426;XS370426;XR370426
526;DX370427;XS370427;XR370427
527;DX370428;XS370428;XR370428
528;DX370429;XS370429;XR370429
529;DX370430;XS370430;XR370430
530;DX370431;XS370431;XR370431
531;DX370432;XS370432;XR370432
532;DX370433;XS370433;XR370433
533;DX370434;XS370434;XR370434
534;DX370435;XS370435;XR370435
535;DX370436;XS370436;XR370436
536;DX370437;XS370437;XR370437
537;DX370438;XS370438;XR370438
538;DX370439;XS370439;XR370439
539;DX370440;XS370440;XR370440
540;DX370441;XS370441;XR370441
541;DX370442;XS370442;XR370442
542;DX370443;XS370443;XR370443
543;DX370444;XS370444;XR370444
544;DX370445;XS370445;XR370445
545;DX370446;XS370446;XR370446
546;DX370447;XS370447;XR370447
547;DX370448;XS370448;XR370448
548;DX370449;XS370449;XR370449
549;DX370450;XS370450;XR370450
550;DX370451;XS370451;XR370451
551;DX370452;XS370452;XR370452
552;DX370453;XS370453;XR370453
553;DX370454;XS370454;XR370454
554;DX370455;XS370455;XR370455
555;DX370456;XS370456;XR370456
556;DX370457;XS370457;XR370457
557;DX370458;XS370458;XR370458
558;DX370459;XS370459;XR370459
559;DX370460;XS370460;XR370460
560;DX370461;XS370461;XR370461
561;DX370462;XS370462;XR370462
562;DX370463;XS370463;XR370463
563;DX370464;XS370464;XR370464
564;DX370465;XS370465;XR370465
565;DX370466;XS370466;XR370466
566;DX370467;XS370467;XR370467
567;DX370468;XS370468;XR370468
568;DX370469;XS370469;XR370469
569;DX370470;XS370470;XR370470
570;DX370471;XS370471;XR370471
571;DX370472;XS370472;XR370472
572;DX370473;XS370473;XR370473
573;DX370474;XS370474;XR370474
574;DX370475;XS370475;XR370475
575;DX370476;XS370476;XR370476
576;DX370477;XS370477;XR370477
577;DX370478;XS370478;XR370478
578;DX370479;XS370479;XR370479
579;DX370480;XS370480;XR370480
580;DX370481;XS370481;XR370481
581;DX370482;XS370482;XR370482
582;DX370483;XS370483;XR370483
583;DX370484;XS370484;XR370484
584;DX370485;XS370485;XR370485
585;DX370486;XS370486;XR370486
586;DX370487;XS370487;XR370487
587;DX370488;XS370488;XR370488
588;DX370489;XS370489;XR370489
589;DX370490;XS370490;XR370490
590;DX370491;XS370491;XR370491
591;DX370492;XS370492;XR370492
592;DX370493;XS370493;XR370493
593;DX370494;XS370494;XR370494
594;DX370495;XS370495;XR370495
595;DX370496;XS370496;XR370496
596;DX370497;XS370497;XR370497
597;DX370498;XS370498;XR370498
598;DX370499;XS370499;XR370499
599;DX370500;XS370500;XR370500
600;DX370501;XS370501;XR370501
601;DX370502;XS370502;XR370502
602;DX370503;XS370503;XR370503
603;DX370504;XS370504;XR370504
604;DX370505;XS370505;XR370505
605;DX370506;XS370506;XR370506
606;DX370507;XS370507;XR370507
607;DX370508;XS370508;XR370508
608;DX370509;XS370509;XR370509
609;DX370510;XS370510;XR370510
610;DX370511;XS370511;XR370511
611;DX370512;XS370512;XR370512
612;DX370513;XS370513;XR370513
613;DX370514;XS370514;XR370514
614;DX370515;XS370515;XR370515
615;DX370516;XS370516;XR370516
616;DX370517;XS370517;XR370517
617;DX370518;XS370518;XR370518
618;DX370519;XS370519;XR370519
619;DX370520;XS370520;XR370520
620;DX370521;XS370521;XR370521
621;DX370522;XS370522;XR370522
622;DX370523;XS370523;XR370523
623;DX370524;XS370524;XR370524
624;DX370525;XS370525;XR370525
625;DX370526;XS370526;XR370526
626;DX370527;XS370527;XR370527
627;DX370528;XS370528;XR370528
628;DX370529;XS370529;XR370529
629;DX370530;XS370530;XR370530
630;DX370531;XS370531;XR370531
631;DX370532;XS370532;XR370532
632;DX370533;XS370533;XR370533
633;DX370534;XS370534;XR370534
634;DX370535;XS370535;XR370535
635;DX370536;XS370536;XR370536
636;DX370537;XS370537;XR370537
637;DX370538;XS370538;XR370538
638;DX370539;XS370539;XR370539
639;DX370540;XS370540;XR370540
640;DX370541;XS370541;XR370541
641;DX370542;XS370542;XR370542
642;DX370543;XS370543;XR370543
643;DX370544;XS370544;XR370544
644;DX370545;XS370545;XR370545
645;DX370546;XS370546;XR370546
646;DX370547;XS370547;XR370547
647;DX370548;XS370548;XR370548
648;DX370549;XS370549;XR370549
649;DX370550;XS370550;XR370550
650;DX370551;XS370551;XR370551
651;DX370552;XS370552;XR370552
652;DX370553;XS370553;XR370553
653;DX370554;XS370554;XR370554
654;DX370555;XS370555;XR370555
655;DX370556;XS370556;XR370556
656;DX370557;XS370557;XR370557
657;DX370558;XS370558;XR370558
658;DX370559;XS370559;XR370559
659;DX370560;XS370560;XR370560
660;DX370561;XS370561;XR370561
661;DX370562;XS370562;XR370562
662;DX370563;XS370563;XR370563
663;DX370564;XS370564;XR370564
664;DX370565;XS370565;XR370565
665;DX370566;XS370566;XR370566
666;DX370567;XS370567;XR370567
667;DX370568;XS370568;XR370568
668;DX370569;XS370569;XR370569
669;DX370570;XS370570;XR370570
670;DX370571;XS370571;XR370571
671;DX370572;XS370572;XR370572
672;DX370573;XS370573;XR370573
673;DX370574;XS370574;XR370574
674;DX370575;XS370575;XR370575
675;DX370576;XS370576;XR370576
676;DX370577;XS370577;XR370577
677;DX370578;XS370578;XR370578
678;DX370579;XS370579;XR370579
679;DX370580;XS370580;XR370580
680;DX370581;XS370581;XR370581
681;DX370582;XS370582;XR370582
682;DX370583;XS370583;XR370583
683;DX370584;XS370584;XR370584
684;DX370585;XS370585;XR370585
685;DX370586;XS370586;XR370586
686;DX370587;XS370587;XR370587
687;DX370588;XS370588;XR370588
688;DX370589;XS370589;XR370589
689;DX370590;XS370590;XR370590
690;DX370591;XS370591;XR370591
691;DX370592;XS370592;XR370592
692;DX370593;XS370593;XR370593
693;DX370594;XS370594;XR370594
694;DX370595;XS370595;XR370595
695;DX370596;XS370596;XR370596
696;DX370597;XS370597;XR370597
697;DX370598;XS370598;XR370598
698;DX370599;XS370599;XR370599
699;DX370600;XS370600;XR370600
700;DX370601;XS370601;XR370601
701;DX370602;XS370602;XR370602
702;DX370603;XS370603;XR370603
703;DX370604;XS370604;XR370604
704;DX370605;XS370605;XR370605
705;DX370606;XS370606;XR370606
706;DX370607;XS370607;XR370607
707;DX370608;XS370608;XR370608
708;DX370609;XS370609;XR370609
709;DX370610;XS370610;XR370610
710;DX370611;XS370611;XR370611
711;DX370612;XS370612;XR370612
712;DX370613;XS370613;XR370613
713;DX370614;XS370614;XR370614
714;DX370615;XS370615;XR370615
715;DX370616;XS370616;XR370616
716;DX370617;XS370617;XR370617
717;DX370618;XS370618;XR370618
718;DX370619;XS370619;XR370619
719;DX370620;XS370620;XR370620
720;DX370621;XS370621;XR370621
721;DX370622;XS370622;XR370622
722;DX370623;XS370623;XR370623
723;DX370624;XS370624;XR370624
724;DX370625;XS370625;XR370625
725;DX370626;XS370626;XR370626
726;DX370627;XS370627;XR370627
727;DX370628;XS370628;XR370628
728;DX370629;XS370629;XR370629
729;DX370630;XS370630;XR370630
730;DX370631;XS370631;XR370631
731;DX370632;XS370632;XR370632
732;DX370633;XS370633;XR370633
733;DX370634;XS370634;XR370634
734;DX370635;XS370635;XR370635
735;DX370636;XS370636;XR370636
736;DX370637;XS370637;XR370637
737;DX370638;XS370638;XR370638
738;DX370639;XS370639;XR370639
739;DX370640;XS370640;XR370640
740;DX370641;XS370641;XR370641
741;DX370642;XS370642;XR370642
742;DX370643;XS370643;XR370643
743;DX370644;XS370644;XR370644
744;DX370645;XS370645;XR370645
745;DX370646;XS370646;XR370646
746;DX370647;XS370647;XR370647
747;DX370648;XS370648;XR370648
748;DX370649;XS370649;XR370649
749;DX370650;XS370650;XR370650
750;DX370651;XS370651;XR370651
751;DX370652;XS370652;XR370652
752;DX370653;XS370653;XR370653
753;DX370654;XS370654;XR370654
754;DX370655;XS370655;XR370655
755;DX370656;XS370656;XR370656
756;DX370657;XS370657;XR370657
757;DX370658;XS370658;XR370658
758;DX370659;XS370659;XR370659
759;DX370660;XS370660;XR370660
760;DX370661;XS370661;XR370661
761;DX370662;XS370662;XR370662
762;DX370663;XS370663;XR370663
763;DX370664;XS370664;XR370664
764;DX370665;XS370665;XR370665
765;DX370666;XS370666;XR370666
766;DX370667;XS370667;XR370667
767;DX370668;XS370668;XR370668
768;DX370669;XS370669;XR370669
769;DX370670;XS370670;XR370670
770;DX370671;XS370671;XR370671
771;DX370672;XS370672;XR370672
772;DX370673;XS370673;XR370673
773;DX370674;XS370674;XR370674
774;DX370675;XS370675;XR370675
775;DX370676;XS370676;XR370676
776;DX370677;XS370677;XR370677
777;DX370678;XS370678;XR370678
778;DX370679;XS370679;XR370679
779;DX370680;XS370680;XR370680
780;DX370681;XS370681;XR370681
781;DX370682;XS370682;XR370682
782;DX370683;XS370683;XR370683
783;DX370684;XS370684;XR370684
784;DX370685;XS370685;XR370685
785;DX370686;XS370686;XR370686
786;DX370687;XS370687;XR370687
787;DX370688;XS370688;XR370688
788;DX370689;XS370689;XR370689
789;DX370690;XS370690;XR370690
790;DX370691;XS370691;XR370691
791;DX370692;XS370692;XR370692
792;DX370693;XS370693;XR370693
793;DX370694;XS370694;XR370694
794;DX370695;XS370695;XR370695
795;DX370696;XS370696;XR370696
796;DX370697;XS370697;XR370697
797;DX370698;XS370698;XR370698
798;DX370699;XS370699;XR370699
799;DX370700;XS370700;XR370700
800;DX370701;XS370701;XR370701
801;DX370702;XS370702;XR370702
802;DX370703;XS370703;XR370703
803;DX370704;XS370704;XR370704
804;DX370705;XS370705;XR370705
805;DX370706;XS370706;XR370706
806;DX370707;XS370707;XR370707
807;DX370708;XS370708;XR370708
808;DX370709;XS370709;XR370709
809;DX370710;XS370710;XR370710
810;DX370711;XS370711;XR370711
811;DX370712;XS370712;XR370712
812;DX370713;XS370713;XR370713
813;DX370714;XS370714;XR370714
814;DX370715;XS370715;XR370715
815;DX370716;XS370716;XR370716
816;DX370717;XS370717;XR370717
817;DX370718;XS370718;XR370718
818;DX370719;XS370719;XR370719
819;DX370720;XS370720;XR370720
820;DX370721;XS370721;XR370721
821;DX370722;XS370722;XR370722
822;DX370723;XS370723;XR370723
823;DX370724;XS370724;XR370724
824;DX370725;XS370725;XR370725
825;DX370726;XS370726;XR370726
826;DX370727;XS370727;XR370727
827;DX370728;XS370728;XR370728
828;DX370729;XS370729;XR370729
829;DX370730;XS370730;XR370730
830;DX370731;XS370731;XR370731
831;DX370732;XS370732;XR370732
832;DX370733;XS370733;XR370733
833;DX370734;XS370734;XR370734
834;DX370735;XS370735;XR370735
835;DX370736;XS370736;XR370736
836;DX370737;XS370737;XR370737
837;DX370738;XS370738;XR370738
838;DX370739;XS370739;XR370739
839;DX370740;XS370740;XR370740
840;DX370741;XS370741;XR370741
841;DX370742;XS370742;XR370742
842;DX370743;XS370743;XR370743
843;DX370744;XS370744;XR370744
844;DX370745;XS370745;XR370745
845;DX370746;XS370746;XR370746
846;DX370747;XS370747;XR370747
847;DX370748;XS370748;XR370748
848;DX370749;XS370749;XR370749
849;DX370750;XS370750;XR370750
850;DX370751;XS370751;XR370751
851;DX370752;XS370752;XR370752
852;DX370753;XS370753;XR370753
853;DX370754;XS370754;XR370754
854;DX370755;XS370755;XR370755
855;DX370756;XS370756;XR370756
856;DX370757;XS370757;XR370757
857;DX370758;XS370758;XR370758
858;DX370759;XS370759;XR370759
859;DX370760;XS370760;XR370760
860;DX370761;XS370761;XR370761
861;DX370762;XS370762;XR370762
862;DX370763;XS370763;XR370763
863;DX370764;XS370764;XR370764
864;DX370765;XS370765;XR370765
865;DX370766;XS370766;XR370766
866;DX370767;XS370767;XR370767
867;DX370768;XS370768;XR370768
868;DX370769;XS370769;XR370769
869;DX370770;XS370770;XR370770
870;DX370771;XS370771;XR370771
871;DX370772;XS370772;XR370772
872;DX370773;XS370773;XR370773
873;DX370774;XS370774;XR370774
874;DX370775;XS370775;XR370775
875;DX370776;XS370776;XR370776
876;DX370777;XS370777;XR370777
877;DX370778;XS370778;XR370778
878;DX370779;XS370779;XR370779
879;DX370780;XS370780;XR370780
880;DX370781;XS370781;XR370781
881;DX370782;XS370782;XR370782
882;DX370783;XS370783;XR370783
883;DX370784;XS370784;XR370784
884;DX370785;XS370785;XR370785
885;DX370786;XS370786;XR370786
886;DX370787;XS370787;XR370787
887;DX370788;XS370788;XR370788
888;DX370789;XS370789;XR370789
889;DX370790;XS370790;XR370790
890;DX370791;XS370791;XR370791
891;DX370792;XS370792;XR370792
892;DX370793;XS370793;XR370793
893;DX370794;XS370794;XR370794
894;DX370795;XS370795;XR370795
895;DX370796;XS370796;XR370796
896;DX370797;XS370797;XR370797
897;DX370798;XS370798;XR370798
898;DX370799;XS370799;XR370799
899;DX370800;XS370800;XR370800
900;DX370801;XS370801;XR370801
901;DX370802;XS370802;XR370802
902;DX370803;XS370803;XR370803
903;DX370804;XS370804;XR370804
904;DX370805;XS370805;XR370805
905;DX370806;XS370806;XR370806
906;DX370807;XS370807;XR370807
907;DX370808;XS370808;XR370808
908;DX370809;XS370809;XR370809
909;DX370810;XS370810;XR370810
910;DX370811;XS370811;XR370811
911;DX370812;XS370812;XR370812
912;DX370813;XS370813;XR370813
913;DX370814;XS370814;XR370814
914;DX370815;XS370815;XR370815
915;DX370816;XS370816;XR370816
916;DX370817;XS370817;XR370817
917;DX370818;XS370818;XR370818
918;DX370819;XS370819;XR370819
919;DX370820;XS370820;XR370820
920;DX370821;XS370821;XR370821
921;DX370822;XS370822;XR370822
922;DX370823;XS370823;XR370823
923;DX370824;XS370824;XR370824
924;DX370825;XS370825;XR370825
925;DX370826;XS370826;XR370826
926;DX370827;XS370827;XR370827
927;DX370828;XS370828;XR370828
928;DX370829;XS370829;XR370829
929;DX370830;XS370830;XR370830
930;DX370831;XS370831;XR370831
931;DX370832;XS370832;XR370832
932;DX370833;XS370833;XR370833
933;DX370834;XS370834;XR370834
934;DX370835;XS370835;XR370835
935;DX370836;XS370836;XR370836
936;DX370837;XS370837;XR370837
937;DX370838;XS370838;XR370838
938;DX370839;XS370839;XR370839
939;DX370840;XS370840;XR370840
940;DX370841;XS370841;XR370841
941;DX370842;XS370842;XR370842
942;DX370843;XS370843;XR370843
943;DX370844;XS370844;XR370844
944;DX370845;XS370845;XR370845
945;DX370846;XS370846;XR370846
946;DX370847;XS370847;XR370847
947;DX370848;XS370848;XR370848
948;DX370849;XS370849;XR370849
949;DX370850;XS370850;XR370850
950;DX370851;XS370851;XR370851
951;DX370852;XS370852;XR370852
952;DX370853;XS370853;XR370853
953;DX370854;XS370854;XR370854
954;DX370855;XS370855;XR370855
955;DX370856;XS370856;XR370856
956;DX370857;XS370857;XR370857
957;DX370858;XS370858;XR370858
958;DX370859;XS370859;XR370859
959;DX370860;XS370860;XR370860
960;DX370861;XS370861;XR370861
961;DX370862;XS370862;XR370862
962;DX370863;XS370863;XR370863
963;DX370864;XS370864;XR370864
964;DX370865;XS370865;XR370865
965;DX370866;XS370866;XR370866
966;DX370867;XS370867;XR370867
967;DX370868;XS370868;XR370868
968;DX370869;XS370869;XR370869
969;DX370870;XS370870;XR370870
970;DX370871;XS370871;XR370871
971;DX370872;XS370872;XR370872
972;DX370873;XS370873;XR370873
973;DX370874;XS370874;XR370874
974;DX370875;XS370875;XR370875
975;DX370876;XS370876;XR370876
976;DX370877;XS370877;XR370877
977;DX370878;XS370878;XR370878
978;DX370879;XS370879;XR370879
979;DX370880;XS370880;XR370880
980;DX370881;XS370881;XR370881
981;DX370882;XS370882;XR370882
982;DX370883;XS370883;XR370883
983;DX370884;XS370884;XR370884
984;DX370885;XS370885;XR370885
985;DX370886;XS370886;XR370886
986;DX370887;XS370887;XR370887
987;DX370888;XS370888;XR370888
988;DX370889;XS370889;XR370889
989;DX370890;XS370890;XR370890
990;DX370891;XS370891;XR370891
991;DX370892;XS370892;XR370892
992;DX370893;XS370893;XR370893
993;DX370894;XS370894;XR370894
994;DX370895;XS370895;XR370895
995;DX370896;XS370896;XR370896
996;DX370897;XS370897;XR370897
997;DX370898;XS370898;XR370898
998;DX370899;XS370899;XR370899
999;DX370900;XS370900;XR370900
100;DX370901;XS370901;XR370901
101;DX370902;XS370902;XR370902
102;DX370903;XS370903;XR370903
103;DX370904;XS370904;XR370904
104;DX370905;XS370905;XR370905
105;DX370906;XS370906;XR370906
106;DX370907;XS370907;XR370907
107;DX370908;XS370908;XR370908
108;DX370909;XS370909;XR370909
109;DX370910;XS370910;XR370910
110;DX370911;XS370911;XR370911
111;DX370912;XS370912;XR370912
112;DX370913;XS370913;XR370913
113;DX370914;XS370914;XR370914
114;DX370915;XS370915;XR370915
115;DX370916;XS370916;XR370916
116;DX370917;XS370917;XR370917
117;DX370918;XS370918;XR370918
118;DX370919;XS370919;XR370919
119;DX370920;XS370920;XR370920
120;DX370921;XS370921;XR370921
121;DX370922;XS370922;XR370922
122;DX370923;XS370923;XR370923
123;DX370924;XS370924;XR370924
124;DX370925;XS370925;XR370925
125;DX370926;XS370926;XR370926
126;DX370927;XS370927;XR370927
127;DX370928;XS370928;XR370928
128;DX370929;XS370929;XR370929
129;DX370930;XS370930;XR370930
130;DX370931;XS370931;XR370931
131;DX370932;XS370932;XR370932
132;DX370933;XS370933;XR370933
133;DX370934;XS370934;XR370934
134;DX370935;XS370935;XR370935
135;DX370936;XS370936;XR370936
136;DX370937;XS370937;XR370937
137;DX370938;XS370938;XR370938
138;DX370939;XS370939;XR370939
139;DX370940;XS370940;XR370940
140;DX370941;XS370941;XR370941
141;DX370942;XS370942;XR370942
142;DX370943;XS370943;XR370943
143;DX370944;XS370944;XR370944
144;DX370945;XS370945;XR370945
145;DX370946;XS370946;XR370946
146;DX370947;XS370947;XR370947
147;DX370948;XS370948;XR370948
148;DX370949;XS370949;XR370949
149;DX370950;XS370950;XR370950
150;DX370951;XS370951;XR370951
151;DX370952;XS370952;XR370952
152;DX370953;XS370953;XR370953
153;DX370954;XS370954;XR370954
154;DX370955;XS370955;XR370955
155;DX370956;XS370956;XR370956
156;DX370957;XS370957;XR370957
157;DX370958;XS370958;XR370958
158;DX370959;XS370959;XR370959
159;DX370960;XS370960;XR370960
160;DX370961;XS370961;XR370961
161;DX370962;XS370962;XR370962
162;DX370963;XS370963;XR370963
163;DX370964;XS370964;XR370964
164;DX370965;XS370965;XR370965
165;DX370966;XS370966;XR370966
166;DX370967;XS370967;XR370967
167;DX370968;XS370968;XR370968
168;DX370969;XS370969;XR370969
169;DX370970;XS370970;XR370970
170;DX370971;XS370971;XR370971
171;DX370972;XS370972;XR370972
172;DX370973;XS370973;XR370973
173;DX370974;XS370974;XR370974
174;DX370975;XS370975;XR370975
175;DX370976;XS370976;XR370976
176;DX370977;XS370977;XR370977
177;DX370978;XS370978;XR370978
178;DX370979;XS370979;XR370979
179;DX370980;XS370980;XR370980
180;DX370981;XS370981;XR370981
181;DX370982;XS370982;XR370982
182;DX370983;XS370983;XR370983
183;DX370984;XS370984;XR370984
184;DX370985;XS370985;XR370985
185;DX370986;XS370986;XR370986
186;DX370987;XS370987;XR370987
187;DX370988;XS370988;XR370988
188;DX370989;XS370989;XR370989
189;DX370990;XS370990;XR370990
190;DX370991;XS370991;XR370991
191;DX370992;XS370992;XR370992
192;DX370993;XS370993;XR370993
193;DX370994;XS370994;XR370994
194;DX370995;XS370995;XR370995
195;DX370996;XS370996;XR370996
196;DX370997;XS370997;XR370997
197;DX370998;XS370998;XR370998
198;DX370999;XS370999;XR370999
199;DX371000;XS371000;XR371000
200;DX371001;XS371001;XR371001
201;DX371002;XS371002;XR371002
202;DX371003;XS371003;XR371003
203;DX371004;XS371004;XR371004
204;DX371005;XS371005;XR371005
205;DX371006;XS371006;XR371006
206;DX371007;XS371007;XR371007
207;DX371008;XS371008;XR371008
208;DX371009;XS371009;XR371009
209;DX371010;XS371010;XR371010
210;DX371011;XS371011;XR371011
211;DX371012;XS371012;XR371012
212;DX371013;XS371013;XR371013
213;DX371014;XS371014;XR371014
214;DX371015;XS371015;XR371015
215;DX371016;XS371016;XR371016
216;DX371017;XS371017;XR371017
217;DX371018;XS371018;XR371018
218;DX371019;XS371019;XR371019
219;DX371020;XS371020;XR371020
220;DX371021;XS371021;XR371021
221;DX371022;XS371022;XR371022
222;DX371023;XS371023;XR371023
223;DX371024;XS371024;XR371024
224;DX371025;XS371025;XR371025
225;DX371026;XS371026;XR371026
226;DX371027;XS371027;XR371027
227;DX371028;XS371028;XR371028
228;DX371029;XS371029;XR371029
229;DX371030;XS371030;XR371030
230;DX371031;XS371031;XR371031
231;DX371032;XS371032;XR371032
232;DX371033;XS371033;XR371033
233;DX371034;XS371034;XR371034
234;DX371035;XS371035;XR371035
235;DX371036;XS371036;XR371036
236;DX371037;XS371037;XR371037
237;DX371038;XS371038;XR371038
238;DX371039;XS371039;XR371039
239;DX371040;XS371040;XR371040
240;DX371041;XS371041;XR371041
241;DX371042;XS371042;XR371042
242;DX371043;XS371043;XR371043
243;DX371044;XS371044;XR371044
244;DX371045;XS371045;XR371045
245;DX371046;XS371046;XR371046
246;DX371047;XS371047;XR371047
247;DX371048;XS371048;XR371048
248;DX371049;XS371049;XR371049
249;DX371050;XS371050;XR371050
250;DX371051;XS371051;XR371051
251;DX371052;XS371052;XR371052
252;DX371053;XS371053;XR371053
253;DX371054;XS371054;XR371054
254;DX371055;XS371055;XR371055
255;DX371056;XS371056;XR371056
256;DX371057;XS371057;XR371057
257;DX371058;XS371058;XR371058
258;DX371059;XS371059;XR371059
259;DX371060;XS371060;XR371060
260;DX371061;XS371061;XR371061
261;DX371062;XS371062;XR371062
262;DX371063;XS371063;XR371063
263;DX371064;XS371064;XR371064
264;DX371065;XS371065;XR371065
265;DX371066;XS371066;XR371066
266;DX371067;XS371067;XR371067
267;DX371068;XS371068;XR371068
268;DX371069;XS371069;XR371069
269;DX371070;XS371070;XR371070
270;DX371071;XS371071;XR371071
271;DX371072;XS371072;XR371072
272;DX371073;XS371073;XR371073
273;DX371074;XS371074;XR371074
274;DX371075;XS371075;XR371075
275;DX371076;XS371076;XR371076
276;DX371077;XS371077;XR371077
277;DX371078;XS371078;XR371078
278;DX371079;XS371079;XR371079
279;DX371080;XS371080;XR371080
280;DX371081;XS371081;XR371081
281;DX371082;XS371082;XR371082
282;DX371083;XS371083;XR371083
283;DX371084;XS371084;XR371084
284;DX371085;XS371085;XR371085
285;DX371086;XS371086;XR371086
286;DX371087;XS371087;XR371087
287;DX371088;XS371088;XR371088
288;DX371089;XS371089;XR371089
289;DX371090;XS371090;XR371090
290;DX371091;XS371091;XR371091
291;DX371092;XS371092;XR371092
292;DX371093;XS371093;XR371093
293;DX371094;XS371094;XR371094
294;DX371095;XS371095;XR371095
295;DX371096;XS371096;XR371096
296;DX371097;XS371097;XR371097
297;DX371098;XS371098;XR371098
298;DX371099;XS371099;XR371099
299;DX371100;XS371100;XR371100
300;DX371101;XS371101;XR371101
301;DX371102;XS371102;XR371102
302;DX371103;XS371103;XR371103
303;DX371104;XS371104;XR371104
304;DX371105;XS371105;XR371105
305;DX371106;XS371106;XR371106
306;DX371107;XS371107;XR371107
307;DX371108;XS371108;XR371108
308;DX371109;XS371109;XR371109
309;DX371110;XS371110;XR371110
310;DX371111;XS371111;XR371111
311;DX371112;XS371112;XR371112
312;DX371113;XS371113;XR371113
313;DX371114;XS371114;XR371114
314;DX371115;XS371115;XR371115
315;DX371116;XS371116;XR371116
316;DX371117;XS371117;XR371117
317;DX371118;XS371118;XR371118
318;DX371119;XS371119;XR371119
319;DX371120;XS371120;XR371120
320;DX371121;XS371121;XR371121
321;DX371122;XS371122;XR371122
322;DX371123;XS371123;XR371123
323;DX371124;XS371124;XR371124
324;DX371125;XS371125;XR371125
325;DX371126;XS371126;XR371126
326;DX371127;XS371127;XR371127
327;DX371128;XS371128;XR371128
328;DX371129;XS371129;XR371129
329;DX371130;XS371130;XR371130
330;DX371131;XS371131;XR371131
331;DX371132;XS371132;XR371132
332;DX371133;XS371133;XR371133
333;DX371134;XS371134;XR371134
334;DX371135;XS371135;XR371135
335;DX371136;XS371136;XR371136
336;DX371137;XS371137;XR371137
337;DX371138;XS371138;XR371138
338;DX371139;XS371139;XR371139
339;DX371140;XS371140;XR371140
340;DX371141;XS371141;XR371141
341;DX371142;XS371142;XR371142
342;DX371143;XS371143;XR371143
343;DX371144;XS371144;XR371144
344;DX371145;XS371145;XR371145
345;DX371146;XS371146;XR371146
346;DX371147;XS371147;XR371147
347;DX371148;XS371148;XR371148
348;DX371149;XS371149;XR371149
349;DX371150;XS371150;XR371150
350;DX371151;XS371151;XR371151
351;DX371152;XS371152;XR371152
352;DX371153;XS371153;XR371153
353;DX371154;XS371154;XR371154
354;DX371155;XS371155;XR371155
355;DX371156;XS371156;XR371156
356;DX371157;XS371157;XR371157
357;DX371158;XS371158;XR371158
358;DX371159;XS371159;XR371159
359;DX371160;XS371160;XR371160
360;DX371161;XS371161;XR371161
361;DX371162;XS371162;XR371162
362;DX371163;XS371163;XR371163
363;DX371164;XS371164;XR371164
364;DX371165;XS371165;XR371165
365;DX371166;XS371166;XR371166
366;DX371167;XS371167;XR371167
367;DX371168;XS371168;XR371168
368;DX371169;XS371169;XR371169
369;DX371170;XS371170;XR371170
370;DX371171;XS371171;XR371171
371;DX371172;XS371172;XR371172
372;DX371173;XS371173;XR371173
373;DX371174;XS371174;XR371174
374;DX371175;XS371175;XR371175
375;DX371176;XS371176;XR371176
376;DX371177;XS371177;XR371177
377;DX371178;XS371178;XR371178
378;DX371179;XS371179;XR371179
379;DX371180;XS371180;XR371180
380;DX371181;XS371181;XR371181
381;DX371182;XS371182;XR371182
382;DX371183;XS371183;XR371183
383;DX371184;XS371184;XR371184
384;DX371185;XS371185;XR371185
385;DX371186;XS371186;XR371186
386;DX371187;XS371187;XR371187
387;DX371188;XS371188;XR371188
388;DX371189;XS371189;XR371189
389;DX371190;XS371190;XR371190
390;DX371191;XS371191;XR371191
391;DX371192;XS371192;XR371192
392;DX371193;XS371193;XR371193
393;DX371194;XS371194;XR371194
394;DX371195;XS371195;XR371195
395;DX371196;XS371196;XR371196
396;DX371197;XS371197;XR371197
397;DX371198;XS371198;XR371198
398;DX371199;XS371199;XR371199
399;DX371200;XS371200;XR371200
400;DX371201;XS371201;XR371201
401;DX371202;XS371202;XR371202
402;DX371203;XS371203;XR371203
403;DX371204;XS371204;XR371204
404;DX371205;XS371205;XR371205
405;DX371206;XS371206;XR371206
406;DX371207;XS371207;XR371207
407;DX371208;XS371208;XR371208
408;DX371209;XS371209;XR371209
409;DX371210;XS371210;XR371210
410;DX371211;XS371211;XR371211
411;DX371212;XS371212;XR371212
412;DX371213;XS371213;XR371213
413;DX371214;XS371214;XR371214
414;DX371215;XS371215;XR371215
415;DX371216;XS371216;XR371216
416;DX371217;XS371217;XR371217
417;DX371218;XS371218;XR371218
418;DX371219;XS371219;XR371219
419;DX371220;XS371220;XR371220
420;DX371221;XS371221;XR371221
421;DX371222;XS371222;XR371222
422;DX371223;XS371223;XR371223
423;DX371224;XS371224;XR371224
424;DX371225;XS371225;XR371225
425;DX371226;XS371226;XR371226
426;DX371227;XS371227;XR371227
427;DX371228;XS371228;XR371228
428;DX371229;XS371229;XR371229
429;DX371230;XS371230;XR371230
430;DX371231;XS371231;XR371231
431;DX371232;XS371232;XR371232
432;DX371233;XS371233;XR371233
433;DX371234;XS371234;XR371234
434;DX371235;XS371235;XR371235
435;DX371236;XS371236;XR371236
436;DX371237;XS371237;XR371237
437;DX371238;XS371238;XR371238
438;DX371239;XS371239;XR371239
439;DX371240;XS371240;XR371240
440;DX371241;XS371241;XR371241
441;DX371242;XS371242;XR371242
442;DX371243;XS371243;XR371243
443;DX371244;XS371244;XR371244
444;DX371245;XS371245;XR371245
445;DX371246;XS371246;XR371246
446;DX371247;XS371247;XR371247
447;DX371248;XS371248;XR371248
448;DX371249;XS371249;XR371249
449;DX371250;XS371250;XR371250
450;DX371251;XS371251;XR371251
451;DX371252;XS371252;XR371252
452;DX371253;XS371253;XR371253
453;DX371254;XS371254;XR371254
454;DX371255;XS371255;XR371255
455;DX371256;XS371256;XR371256
456;DX371257;XS371257;XR371257
457;DX371258;XS371258;XR371258
458;DX371259;XS371259;XR371259
459;DX371260;XS371260;XR371260
460;DX371261;XS371261;XR371261
461;DX371262;XS371262;XR371262
462;DX371263;XS371263;XR371263
463;DX371264;XS371264;XR371264
464;DX371265;XS371265;XR371265
465;DX371266;XS371266;XR371266
466;DX371267;XS371267;XR371267
467;DX371268;XS371268;XR371268
468;DX371269;XS371269;XR371269
469;DX371270;XS371270;XR371270
470;DX371271;XS371271;XR371271
471;DX371272;XS371272;XR371272
472;DX371273;XS371273;XR371273
473;DX371274;XS371274;XR371274
474;DX371275;XS371275;XR371275
475;DX371276;XS371276;XR371276
476;DX371277;XS371277;XR371277
477;DX371278;XS371278;XR371278
478;DX371279;XS371279;XR371279
479;DX371280;XS371280;XR371280
480;DX371281;XS371281;XR371281
481;DX371282;XS371282;XR371282
482;DX371283;XS371283;XR371283
483;DX371284;XS371284;XR371284
484;DX371285;XS371285;XR371285
485;DX371286;XS371286;XR371286
486;DX371287;XS371287;XR371287
487;DX371288;XS371288;XR371288
488;DX371289;XS371289;XR371289
489;DX371290;XS371290;XR371290
490;DX371291;XS371291;XR371291
491;DX371292;XS371292;XR371292
492;DX371293;XS371293;XR371293
493;DX371294;XS371294;XR371294
494;DX371295;XS371295;XR371295
495;DX371296;XS371296;XR371296
496;DX371297;XS371297;XR371297
497;DX371298;XS371298;XR371298
498;DX371299;XS371299;XR371299
499;DX371300;XS371300;XR371300
500;DX371301;XS371301;XR371301
501;DX371302;XS371302;XR371302
502;DX371303;XS371303;XR371303
503;DX371304;XS371304;XR371304
504;DX371305;XS371305;XR371305
505;DX371306;XS371306;XR371306
506;DX371307;XS371307;XR371307
507;DX371308;XS371308;XR371308
508;DX371309;XS371309;XR371309
509;DX371310;XS371310;XR371310
510;DX371311;XS371311;XR371311
511;DX371312;XS371312;XR371312
512;DX371313;XS371313;XR371313
513;DX371314;XS371314;XR371314
514;DX371315;XS371315;XR371315
515;DX371316;XS371316;XR371316
516;DX371317;XS371317;XR371317
517;DX371318;XS371318;XR371318
518;DX371319;XS371319;XR371319
519;DX371320;XS371320;XR371320
520;DX371321;XS371321;XR371321
521;DX371322;XS371322;XR371322
522;DX371323;XS371323;XR371323
523;DX371324;XS371324;XR371324
524;DX371325;XS371325;XR371325
525;DX371326;XS371326;XR371326
526;DX371327;XS371327;XR371327
527;DX371328;XS371328;XR371328
528;DX371329;XS371329;XR371329
529;DX371330;XS371330;XR371330
530;DX371331;XS371331;XR371331
531;DX371332;XS371332;XR371332
532;DX371333;XS371333;XR371333
533;DX371334;XS371334;XR371334
534;DX371335;XS371335;XR371335
535;DX371336;XS371336;XR371336
536;DX371337;XS371337;XR371337
537;DX371338;XS371338;XR371338
538;DX371339;XS371339;XR371339
539;DX371340;XS371340;XR371340
540;DX371341;XS371341;XR371341
541;DX371342;XS371342;XR371342
542;DX371343;XS371343;XR371343
543;DX371344;XS371344;XR371344
544;DX371345;XS371345;XR371345
545;DX371346;XS371346;XR371346
546;DX371347;XS371347;XR371347
547;DX371348;XS371348;XR371348
548;DX371349;XS371349;XR371349
549;DX371350;XS371350;XR371350
550;DX371351;XS371351;XR371351
551;DX371352;XS371352;XR371352
552;DX371353;XS371353;XR371353
553;DX371354;XS371354;XR371354
554;DX371355;XS371355;XR371355
555;DX371356;XS371356;XR371356
556;DX371357;XS371357;XR371357
557;DX371358;XS371358;XR371358
558;DX371359;XS371359;XR371359
559;DX371360;XS371360;XR371360
560;DX371361;XS371361;XR371361
561;DX371362;XS371362;XR371362
562;DX371363;XS371363;XR371363
563;DX371364;XS371364;XR371364
564;DX371365;XS371365;XR371365
565;DX371366;XS371366;XR371366
566;DX371367;XS371367;XR371367
567;DX371368;XS371368;XR371368
568;DX371369;XS371369;XR371369
569;DX371370;XS371370;XR371370
570;DX371371;XS371371;XR371371
571;DX371372;XS371372;XR371372
572;DX371373;XS371373;XR371373
573;DX371374;XS371374;XR371374
574;DX371375;XS371375;XR371375
575;DX371376;XS371376;XR371376
576;DX371377;XS371377;XR371377
577;DX371378;XS371378;XR371378
578;DX371379;XS371379;XR371379
579;DX371380;XS371380;XR371380
580;DX371381;XS371381;XR371381
581;DX371382;XS371382;XR371382
582;DX371383;XS371383;XR371383
583;DX371384;XS371384;XR371384
584;DX371385;XS371385;XR371385
585;DX371386;XS371386;XR371386
586;DX371387;XS371387;XR371387
587;DX371388;XS371388;XR371388
588;DX371389;XS371389;XR371389
589;DX371390;XS371390;XR371390
590;DX371391;XS371391;XR371391
591;DX371392;XS371392;XR371392
592;DX371393;XS371393;XR371393
593;DX371394;XS371394;XR371394
594;DX371395;XS371395;XR371395
595;DX371396;XS371396;XR371396
596;DX371397;XS371397;XR371397
597;DX371398;XS371398;XR371398
598;DX371399;XS371399;XR371399
599;DX371400;XS371400;XR371400
600;DX371401;XS371401;XR371401
601;DX371402;XS371402;XR371402
602;DX371403;XS371403;XR371403
603;DX371404;XS371404;XR371404
604;DX371405;XS371405;XR371405
605;DX371406;XS371406;XR371406
606;DX371407;XS371407;XR371407
607;DX371408;XS371408;XR371408
608;DX371409;XS371409;XR371409
609;DX371410;XS371410;XR371410
610;DX371411;XS371411;XR371411
611;DX371412;XS371412;XR371412
612;DX371413;XS371413;XR371413
613;DX371414;XS371414;XR371414
614;DX371415;XS371415;XR371415
615;DX371416;XS371416;XR371416
616;DX371417;XS371417;XR371417
617;DX371418;XS371418;XR371418
618;DX371419;XS371419;XR371419
619;DX371420;XS371420;XR371420
620;DX371421;XS371421;XR371421
621;DX371422;XS371422;XR371422
622;DX371423;XS371423;XR371423
623;DX371424;XS371424;XR371424
624;DX371425;XS371425;XR371425
625;DX371426;XS371426;XR371426
626;DX371427;XS371427;XR371427
627;DX371428;XS371428;XR371428
628;DX371429;XS371429;XR371429
629;DX371430;XS371430;XR371430
630;DX371431;XS371431;XR371431
631;DX371432;XS371432;XR371432
632;DX371433;XS371433;XR371433
633;DX371434;XS371434;XR371434
634;DX371435;XS371435;XR371435
635;DX371436;XS371436;XR371436
636;DX371437;XS371437;XR371437
637;DX371438;XS371438;XR371438
638;DX371439;XS371439;XR371439
639;DX371440;XS371440;XR371440
640;DX371441;XS371441;XR371441
641;DX371442;XS371442;XR371442
642;DX371443;XS371443;XR371443
643;DX371444;XS371444;XR371444
644;DX371445;XS371445;XR371445
645;DX371446;XS371446;XR371446
646;DX371447;XS371447;XR371447
647;DX371448;XS371448;XR371448
648;DX371449;XS371449;XR371449
649;DX371450;XS371450;XR371450
650;DX371451;XS371451;XR371451
651;DX371452;XS371452;XR371452
652;DX371453;XS371453;XR371453
653;DX371454;XS371454;XR371454
654;DX371455;XS371455;XR371455
655;DX371456;XS371456;XR371456
656;DX371457;XS371457;XR371457
657;DX371458;XS371458;XR371458
658;DX371459;XS371459;XR371459
659;DX371460;XS371460;XR371460
660;DX371461;XS371461;XR371461
661;DX371462;XS371462;XR371462
662;DX371463;XS371463;XR371463
663;DX371464;XS371464;XR371464
664;DX371465;XS371465;XR371465
665;DX371466;XS371466;XR371466
666;DX371467;XS371467;XR371467
667;DX371468;XS371468;XR371468
668;DX371469;XS371469;XR371469
669;DX371470;XS371470;XR371470
670;DX371471;XS371471;XR371471
671;DX371472;XS371472;XR371472
672;DX371473;XS371473;XR371473
673;DX371474;XS371474;XR371474
674;DX371475;XS371475;XR371475
675;DX371476;XS371476;XR371476
676;DX371477;XS371477;XR371477
677;DX371478;XS371478;XR371478
678;DX371479;XS371479;XR371479
679;DX371480;XS371480;XR371480
680;DX371481;XS371481;XR371481
681;DX371482;XS371482;XR371482
682;DX371483;XS371483;XR371483
683;DX371484;XS371484;XR371484
684;DX371485;XS371485;XR371485
685;DX371486;XS371486;XR371486
686;DX371487;XS371487;XR371487
687;DX371488;XS371488;XR371488
688;DX371489;XS371489;XR371489
689;DX371490;XS371490;XR371490
690;DX371491;XS371491;XR371491
691;DX371492;XS371492;XR371492
692;DX371493;XS371493;XR371493
693;DX371494;XS371494;XR371494
694;DX371495;XS371495;XR371495
695;DX371496;XS371496;XR371496
696;DX371497;XS371497;XR371497
697;DX371498;XS371498;XR371498
698;DX371499;XS371499;XR371499
699;DX371500;XS371500;XR371500
700;DX371501;XS371501;XR371501
701;DX371502;XS371502;XR371502
702;DX371503;XS371503;XR371503
703;DX371504;XS371504;XR371504
704;DX371505;XS371505;XR371505
705;DX371506;XS371506;XR371506
706;DX371507;XS371507;XR371507
707;DX371508;XS371508;XR371508
708;DX371509;XS371509;XR371509
709;DX371510;XS371510;XR371510
710;DX371511;XS371511;XR371511
711;DX371512;XS371512;XR371512
712;DX371513;XS371513;XR371513
713;DX371514;XS371514;XR371514
714;DX371515;XS371515;XR371515
715;DX371516;XS371516;XR371516
716;DX371517;XS371517;XR371517
717;DX371518;XS371518;XR371518
718;DX371519;XS371519;XR371519
719;DX371520;XS371520;XR371520
720;DX371521;XS371521;XR371521
721;DX371522;XS371522;XR371522
722;DX371523;XS371523;XR371523
723;DX371524;XS371524;XR371524
724;DX371525;XS371525;XR371525
725;DX371526;XS371526;XR371526
726;DX371527;XS371527;XR371527
727;DX371528;XS371528;XR371528
728;DX371529;XS371529;XR371529
729;DX371530;XS371530;XR371530
730;DX371531;XS371531;XR371531
731;DX371532;XS371532;XR371532
732;DX371533;XS371533;XR371533
733;DX371534;XS371534;XR371534
734;DX371535;XS371535;XR371535
735;DX371536;XS371536;XR371536
736;DX371537;XS371537;XR371537
737;DX371538;XS371538;XR371538
738;DX371539;XS371539;XR371539
739;DX371540;XS371540;XR371540
740;DX371541;XS371541;XR371541
741;DX371542;XS371542;XR371542
742;DX371543;XS371543;XR371543
743;DX371544;XS371544;XR371544
744;DX371545;XS371545;XR371545
745;DX371546;XS371546;XR371546
746;DX371547;XS371547;XR371547
747;DX371548;XS371548;XR371548
748;DX371549;XS371549;XR371549
749;DX371550;XS371550;XR371550
750;DX371551;XS371551;XR371551
751;DX371552;XS371552;XR371552
752;DX371553;XS371553;XR371553
753;DX371554;XS371554;XR371554
754;DX371555;XS371555;XR371555
755;DX371556;XS371556;XR371556
756;DX371557;XS371557;XR371557
757;DX371558;XS371558;XR371558
758;DX371559;XS371559;XR371559
759;DX371560;XS371560;XR371560
760;DX371561;XS371561;XR371561
761;DX371562;XS371562;XR371562
762;DX371563;XS371563;XR371563
763;DX371564;XS371564;XR371564
764;DX371565;XS371565;XR371565
765;DX371566;XS371566;XR371566
766;DX371567;XS371567;XR371567
767;DX371568;XS371568;XR371568
768;DX371569;XS371569;XR371569
769;DX371570;XS371570;XR371570
770;DX371571;XS371571;XR371571
771;DX371572;XS371572;XR371572
772;DX371573;XS371573;XR371573
773;DX371574;XS371574;XR371574
774;DX371575;XS371575;XR371575
775;DX371576;XS371576;XR371576
776;DX371577;XS371577;XR371577
777;DX371578;XS371578;XR371578
778;DX371579;XS371579;XR371579
779;DX371580;XS371580;XR371580
780;DX371581;XS371581;XR371581
781;DX371582;XS371582;XR371582
782;DX371583;XS371583;XR371583
783;DX371584;XS371584;XR371584
784;DX371585;XS371585;XR371585
785;DX371586;XS371586;XR371586
786;DX371587;XS371587;XR371587
787;DX371588;XS371588;XR371588
788;DX371589;XS371589;XR371589
789;DX371590;XS371590;XR371590
790;DX371591;XS371591;XR371591
791;DX371592;XS371592;XR371592
792;DX371593;XS371593;XR371593
793;DX371594;XS371594;XR371594
794;DX371595;XS371595;XR371595
795;DX371596;XS371596;XR371596
796;DX371597;XS371597;XR371597
797;DX371598;XS371598;XR371598
798;DX371599;XS371599;XR371599
799;DX371600;XS371600;XR371600
800;DX371601;XS371601;XR371601
801;DX371602;XS371602;XR371602
802;DX371603;XS371603;XR371603
803;DX371604;XS371604;XR371604
804;DX371605;XS371605;XR371605
805;DX371606;XS371606;XR371606
806;DX371607;XS371607;XR371607
807;DX371608;XS371608;XR371608
808;DX371609;XS371609;XR371609
809;DX371610;XS371610;XR371610
810;DX371611;XS371611;XR371611
811;DX371612;XS371612;XR371612
812;DX371613;XS371613;XR371613
813;DX371614;XS371614;XR371614
814;DX371615;XS371615;XR371615
815;DX371616;XS371616;XR371616
816;DX371617;XS371617;XR371617
817;DX371618;XS371618;XR371618
818;DX371619;XS371619;XR371619
819;DX371620;XS371620;XR371620
820;DX371621;XS371621;XR371621
821;DX371622;XS371622;XR371622
822;DX371623;XS371623;XR371623
823;DX371624;XS371624;XR371624
824;DX371625;XS371625;XR371625
825;DX371626;XS371626;XR371626
826;DX371627;XS371627;XR371627
827;DX371628;XS371628;XR371628
828;DX371629;XS371629;XR371629
829;DX371630;XS371630;XR371630
830;DX371631;XS371631;XR371631
831;DX371632;XS371632;XR371632
832;DX371633;XS371633;XR371633
833;DX371634;XS371634;XR371634
834;DX371635;XS371635;XR371635
835;DX371636;XS371636;XR371636
836;DX371637;XS371637;XR371637
837;DX371638;XS371638;XR371638
838;DX371639;XS371639;XR371639
839;DX371640;XS371640;XR371640
840;DX371641;XS371641;XR371641
841;DX371642;XS371642;XR371642
842;DX371643;XS371643;XR371643
843;DX371644;XS371644;XR371644
844;DX371645;XS371645;XR371645
845;DX371646;XS371646;XR371646
846;DX371647;XS371647;XR371647
847;DX371648;XS371648;XR371648
848;DX371649;XS371649;XR371649
849;DX371650;XS371650;XR371650
850;DX371651;XS371651;XR371651
851;DX371652;XS371652;XR371652
852;DX371653;XS371653;XR371653
853;DX371654;XS371654;XR371654
854;DX371655;XS371655;XR371655
855;DX371656;XS371656;XR371656
856;DX371657;XS371657;XR371657
857;DX371658;XS371658;XR371658
858;DX371659;XS371659;XR371659
859;DX371660;XS371660;XR371660
860;DX371661;XS371661;XR371661
861;DX371662;XS371662;XR371662
862;DX371663;XS371663;XR371663
863;DX371664;XS371664;XR371664
864;DX371665;XS371665;XR371665
865;DX371666;XS371666;XR371666
866;DX371667;XS371667;XR371667
867;DX371668;XS371668;XR371668
868;DX371669;XS371669;XR371669
869;DX371670;XS371670;XR371670
870;DX371671;XS371671;XR371671
871;DX371672;XS371672;XR371672
872;DX371673;XS371673;XR371673
873;DX371674;XS371674;XR371674
874;DX371675;XS371675;XR371675
875;DX371676;XS371676;XR371676
876;DX371677;XS371677;XR371677
877;DX371678;XS371678;XR371678
878;DX371679;XS371679;XR371679
879;DX371680;XS371680;XR371680
880;DX371681;XS371681;XR371681
881;DX371682;XS371682;XR371682
882;DX371683;XS371683;XR371683
883;DX371684;XS371684;XR371684
884;DX371685;XS371685;XR371685
885;DX371686;XS371686;XR371686
886;DX371687;XS371687;XR371687
887;DX371688;XS371688;XR371688
888;DX371689;XS371689;XR371689
889;DX371690;XS371690;XR371690
890;DX371691;XS371691;XR371691
891;DX371692;XS371692;XR371692
892;DX371693;XS371693;XR371693
893;DX371694;XS371694;XR371694
894;DX371695;XS371695;XR371695
895;DX371696;XS371696;XR371696
896;DX371697;XS371697;XR371697
897;DX371698;XS371698;XR371698
898;DX371699;XS371699;XR371699
899;DX371700;XS371700;XR371700
900;DX371701;XS371701;XR371701
901;DX371702;XS371702;XR371702
902;DX371703;XS371703;XR371703
903;DX371704;XS371704;XR371704
904;DX371705;XS371705;XR371705
905;DX371706;XS371706;XR371706
906;DX371707;XS371707;XR371707
907;DX371708;XS371708;XR371708
908;DX371709;XS371709;XR371709
909;DX371710;XS371710;XR371710
910;DX371711;XS371711;XR371711
911;DX371712;XS371712;XR371712
912;DX371713;XS371713;XR371713
913;DX371714;XS371714;XR371714
914;DX371715;XS371715;XR371715
915;DX371716;XS371716;XR371716
916;DX371717;XS371717;XR371717
917;DX371718;XS371718;XR371718
918;DX371719;XS371719;XR371719
919;DX371720;XS371720;XR371720
920;DX371721;XS371721;XR371721
921;DX371722;XS371722;XR371722
922;DX371723;XS371723;XR371723
923;DX371724;XS371724;XR371724
924;DX371725;XS371725;XR371725
925;DX371726;XS371726;XR371726
926;DX371727;XS371727;XR371727
927;DX371728;XS371728;XR371728
928;DX371729;XS371729;XR371729
929;DX371730;XS371730;XR371730
930;DX371731;XS371731;XR371731
931;DX371732;XS371732;XR371732
932;DX371733;XS371733;XR371733
933;DX371734;XS371734;XR371734
934;DX371735;XS371735;XR371735
935;DX371736;XS371736;XR371736
936;DX371737;XS371737;XR371737
937;DX371738;XS371738;XR371738
938;DX371739;XS371739;XR371739
939;DX371740;XS371740;XR371740
940;DX371741;XS371741;XR371741
941;DX371742;XS371742;XR371742
942;DX371743;XS371743;XR371743
943;DX371744;XS371744;XR371744
944;DX371745;XS371745;XR371745
945;DX371746;XS371746;XR371746
946;DX371747;XS371747;XR371747
947;DX371748;XS371748;XR371748
948;DX371749;XS371749;XR371749
949;DX371750;XS371750;XR371750
950;DX371751;XS371751;XR371751
951;DX371752;XS371752;XR371752
952;DX371753;XS371753;XR371753
953;DX371754;XS371754;XR371754
954;DX371755;XS371755;XR371755
955;DX371756;XS371756;XR371756
956;DX371757;XS371757;XR371757
957;DX371758;XS371758;XR371758
958;DX371759;XS371759;XR371759
959;DX371760;XS371760;XR371760
960;DX371761;XS371761;XR371761
961;DX371762;XS371762;XR371762
962;DX371763;XS371763;XR371763
963;DX371764;XS371764;XR371764
964;DX371765;XS371765;XR371765
965;DX371766;XS371766;XR371766
966;DX371767;XS371767;XR371767
967;DX371768;XS371768;XR371768
968;DX371769;XS371769;XR371769
969;DX371770;XS371770;XR371770
970;DX371771;XS371771;XR371771
971;DX371772;XS371772;XR371772
972;DX371773;XS371773;XR371773
973;DX371774;XS371774;XR371774
974;DX371775;XS371775;XR371775
975;DX371776;XS371776;XR371776
976;DX371777;XS371777;XR371777
977;DX371778;XS371778;XR371778
978;DX371779;XS371779;XR371779
979;DX371780;XS371780;XR371780
980;DX371781;XS371781;XR371781
981;DX371782;XS371782;XR371782
982;DX371783;XS371783;XR371783
983;DX371784;XS371784;XR371784
984;DX371785;XS371785;XR371785
985;DX371786;XS371786;XR371786
986;DX371787;XS371787;XR371787
987;DX371788;XS371788;XR371788
988;DX371789;XS371789;XR371789
989;DX371790;XS371790;XR371790
990;DX371791;XS371791;XR371791
991;DX371792;XS371792;XR371792
992;DX371793;XS371793;XR371793
993;DX371794;XS371794;XR371794
994;DX371795;XS371795;XR371795
995;DX371796;XS371796;XR371796
996;DX371797;XS371797;XR371797
997;DX371798;XS371798;XR371798
998;DX371799;XS371799;XR371799
999;DX371800;XS371800;XR371800
100;DX371801;XS371801;XR371801
101;DX371802;XS371802;XR371802
102;DX371803;XS371803;XR371803
103;DX371804;XS371804;XR371804
104;DX371805;XS371805;XR371805
105;DX371806;XS371806;XR371806
106;DX371807;XS371807;XR371807
107;DX371808;XS371808;XR371808
108;DX371809;XS371809;XR371809
109;DX371810;XS371810;XR371810
110;DX371811;XS371811;XR371811
111;DX371812;XS371812;XR371812
112;DX371813;XS371813;XR371813
113;DX371814;XS371814;XR371814
114;DX371815;XS371815;XR371815
115;DX371816;XS371816;XR371816
116;DX371817;XS371817;XR371817
117;DX371818;XS371818;XR371818
118;DX371819;XS371819;XR371819
119;DX371820;XS371820;XR371820
120;DX371821;XS371821;XR371821
121;DX371822;XS371822;XR371822
122;DX371823;XS371823;XR371823
123;DX371824;XS371824;XR371824
124;DX371825;XS371825;XR371825
125;DX371826;XS371826;XR371826
126;DX371827;XS371827;XR371827
127;DX371828;XS371828;XR371828
128;DX371829;XS371829;XR371829
129;DX371830;XS371830;XR371830
130;DX371831;XS371831;XR371831
131;DX371832;XS371832;XR371832
132;DX371833;XS371833;XR371833
133;DX371834;XS371834;XR371834
134;DX371835;XS371835;XR371835
135;DX371836;XS371836;XR371836
136;DX371837;XS371837;XR371837
137;DX371838;XS371838;XR371838
138;DX371839;XS371839;XR371839
139;DX371840;XS371840;XR371840
140;DX371841;XS371841;XR371841
141;DX371842;XS371842;XR371842
142;DX371843;XS371843;XR371843
143;DX371844;XS371844;XR371844
144;DX371845;XS371845;XR371845
145;DX371846;XS371846;XR371846
146;DX371847;XS371847;XR371847
147;DX371848;XS371848;XR371848
148;DX371849;XS371849;XR371849
149;DX371850;XS371850;XR371850
150;DX371851;XS371851;XR371851
151;DX371852;XS371852;XR371852
152;DX371853;XS371853;XR371853
153;DX371854;XS371854;XR371854
154;DX371855;XS371855;XR371855
155;DX371856;XS371856;XR371856
156;DX371857;XS371857;XR371857
157;DX371858;XS371858;XR371858
158;DX371859;XS371859;XR371859
159;DX371860;XS371860;XR371860
160;DX371861;XS371861;XR371861
161;DX371862;XS371862;XR371862
162;DX371863;XS371863;XR371863
163;DX371864;XS371864;XR371864
164;DX371865;XS371865;XR371865
165;DX371866;XS371866;XR371866
166;DX371867;XS371867;XR371867
167;DX371868;XS371868;XR371868
168;DX371869;XS371869;XR371869
169;DX371870;XS371870;XR371870
170;DX371871;XS371871;XR371871
171;DX371872;XS371872;XR371872
172;DX371873;XS371873;XR371873
173;DX371874;XS371874;XR371874
174;DX371875;XS371875;XR371875
175;DX371876;XS371876;XR371876
176;DX371877;XS371877;XR371877
177;DX371878;XS371878;XR371878
178;DX371879;XS371879;XR371879
179;DX371880;XS371880;XR371880
180;DX371881;XS371881;XR371881
181;DX371882;XS371882;XR371882
182;DX371883;XS371883;XR371883
183;DX371884;XS371884;XR371884
184;DX371885;XS371885;XR371885
185;DX371886;XS371886;XR371886
186;DX371887;XS371887;XR371887
187;DX371888;XS371888;XR371888
188;DX371889;XS371889;XR371889
189;DX371890;XS371890;XR371890
190;DX371891;XS371891;XR371891
191;DX371892;XS371892;XR371892
192;DX371893;XS371893;XR371893
193;DX371894;XS371894;XR371894
194;DX371895;XS371895;XR371895
195;DX371896;XS371896;XR371896
196;DX371897;XS371897;XR371897
197;DX371898;XS371898;XR371898
198;DX371899;XS371899;XR371899
199;DX371900;XS371900;XR371900
200;DX371901;XS371901;XR371901
201;DX371902;XS371902;XR371902
202;DX371903;XS371903;XR371903
203;DX371904;XS371904;XR371904
204;DX371905;XS371905;XR371905
205;DX371906;XS371906;XR371906
206;DX371907;XS371907;XR371907
207;DX371908;XS371908;XR371908
208;DX371909;XS371909;XR371909
209;DX371910;XS371910;XR371910
210;DX371911;XS371911;XR371911
211;DX371912;XS371912;XR371912
212;DX371913;XS371913;XR371913
213;DX371914;XS371914;XR371914
214;DX371915;XS371915;XR371915
215;DX371916;XS371916;XR371916
216;DX371917;XS371917;XR371917
217;DX371918;XS371918;XR371918
218;DX371919;XS371919;XR371919
219;DX371920;XS371920;XR371920
220;DX371921;XS371921;XR371921
221;DX371922;XS371922;XR371922
222;DX371923;XS371923;XR371923
223;DX371924;XS371924;XR371924
224;DX371925;XS371925;XR371925
225;DX371926;XS371926;XR371926
226;DX371927;XS371927;XR371927
227;DX371928;XS371928;XR371928
228;DX371929;XS371929;XR371929
229;DX371930;XS371930;XR371930
230;DX371931;XS371931;XR371931
231;DX371932;XS371932;XR371932
232;DX371933;XS371933;XR371933
233;DX371934;XS371934;XR371934
234;DX371935;XS371935;XR371935
235;DX371936;XS371936;XR371936
236;DX371937;XS371937;XR371937
237;DX371938;XS371938;XR371938
238;DX371939;XS371939;XR371939
239;DX371940;XS371940;XR371940
240;DX371941;XS371941;XR371941
241;DX371942;XS371942;XR371942
242;DX371943;XS371943;XR371943
243;DX371944;XS371944;XR371944
244;DX371945;XS371945;XR371945
245;DX371946;XS371946;XR371946
246;DX371947;XS371947;XR371947
247;DX371948;XS371948;XR371948
248;DX371949;XS371949;XR371949
249;DX371950;XS371950;XR371950
250;DX371951;XS371951;XR371951
251;DX371952;XS371952;XR371952
252;DX371953;XS371953;XR371953
253;DX371954;XS371954;XR371954
254;DX371955;XS371955;XR371955
255;DX371956;XS371956;XR371956
256;DX371957;XS371957;XR371957
257;DX371958;XS371958;XR371958
258;DX371959;XS371959;XR371959
259;DX371960;XS371960;XR371960
260;DX371961;XS371961;XR371961
261;DX371962;XS371962;XR371962
262;DX371963;XS371963;XR371963
263;DX371964;XS371964;XR371964
264;DX371965;XS371965;XR371965
265;DX371966;XS371966;XR371966
266;DX371967;XS371967;XR371967
267;DX371968;XS371968;XR371968
268;DX371969;XS371969;XR371969
269;DX371970;XS371970;XR371970
270;DX371971;XS371971;XR371971
271;DX371972;XS371972;XR371972
272;DX371973;XS371973;XR371973
273;DX371974;XS371974;XR371974
274;DX371975;XS371975;XR371975
275;DX371976;XS371976;XR371976
276;DX371977;XS371977;XR371977
277;DX371978;XS371978;XR371978
278;DX371979;XS371979;XR371979
279;DX371980;XS371980;XR371980
280;DX371981;XS371981;XR371981
281;DX371982;XS371982;XR371982
282;DX371983;XS371983;XR371983
283;DX371984;XS371984;XR371984
284;DX371985;XS371985;XR371985
285;DX371986;XS371986;XR371986
286;DX371987;XS371987;XR371987
287;DX371988;XS371988;XR371988
288;DX371989;XS371989;XR371989
289;DX371990;XS371990;XR371990
290;DX371991;XS371991;XR371991
291;DX371992;XS371992;XR371992
292;DX371993;XS371993;XR371993
293;DX371994;XS371994;XR371994
294;DX371995;XS371995;XR371995
295;DX371996;XS371996;XR371996
296;DX371997;XS371997;XR371997
297;DX371998;XS371998;XR371998
298;DX371999;XS371999;XR371999
299;DX372000;XS372000;XR372000
300;DX372001;XS372001;XR372001
301;DX372002;XS372002;XR372002
302;DX372003;XS372003;XR372003
